openalex_id,title,publication_year,doi,arxiv_id,eprint_source_url,venue,is_oa,license,is_permissive_license,pdf_url,cited_by_count
https://openalex.org/W2101623441,A brief account of runtime verification,2008,https://doi.org/10.1016/j.jlap.2008.08.004,,,The Journal of Logic and Algebraic Programming,True,unknown,False,https://doi.org/10.1016/j.jlap.2008.08.004,855
https://openalex.org/W1533557569,Robust Satisfaction of Temporal Logic over Real-Valued Signals,2010,https://doi.org/10.1007/978-3-642-15297-9_9,,,Lecture notes in computer science,False,unknown,False,,723
https://openalex.org/W2049399166,Robustness of temporal logic specifications for continuous-time signals,2009,https://doi.org/10.1016/j.tcs.2009.06.021,,,Theoretical Computer Science,True,unknown,False,https://www.sciencedirect.com/science/article/pii/S0304397509004149/pdf,611
https://openalex.org/W2027769154,Runtime Verification for LTL and TLTL,2011,https://doi.org/10.1145/2000799.2000800,,,ACM Transactions on Software Engineering and Methodology,False,unknown,False,,561
https://openalex.org/W2089520845,Systems of Systems Engineering,2015,https://doi.org/10.1145/2794381,,,ACM Computing Surveys,False,unknown,False,,458
https://openalex.org/W2092884371,Model predictive control with signal temporal logic specifications,2014,https://doi.org/10.1109/cdc.2014.7039363,,,,False,unknown,False,,406
https://openalex.org/W2841721725,Control Barrier Functions for Signal Temporal Logic Tasks,2018,https://doi.org/10.1109/lcsys.2018.2853182,,,IEEE Control Systems Letters,True,other-oa,False,http://urn.kb.se/resolve?urn=urn:nbn:se:kth:diva-285963,331
https://openalex.org/W2785700716,"Specification-Based Monitoring of Cyber-Physical Systems: A Survey on Theory, Tools and Applications",2018,https://doi.org/10.1007/978-3-319-75632-5_5,,,Lecture notes in computer science,False,unknown,False,,320
https://openalex.org/W2095274657,Reactive synthesis from signal temporal logic specifications,2015,https://doi.org/10.1145/2728606.2728628,,,,False,unknown,False,,256
https://openalex.org/W2786819761,Introduction to Runtime Verification,2018,https://doi.org/10.1007/978-3-319-75632-5_1,,,Lecture notes in computer science,False,unknown,False,,255
https://openalex.org/W2101804404,Efficient Robust Monitoring for STL,2013,https://doi.org/10.1007/978-3-642-39799-8_19,,,Lecture notes in computer science,False,unknown,False,,244
https://openalex.org/W2267638272,"Computational Modeling, Formal Analysis, and Tools for Systems Biology",2016,https://doi.org/10.1371/journal.pcbi.1004591,,,PLoS Computational Biology,True,cc-by,True,https://journals.plos.org/ploscompbiol/article/file?id=10.1371/journal.pcbi.1004591&type=printable,218
https://openalex.org/W828139470,Robust online monitoring of signal temporal logic,2017,https://doi.org/10.1007/s10703-017-0286-7,,,Formal Methods in System Design,True,unknown,False,https://escholarship.org/content/qt0sh5f5d0/qt0sh5f5d0.pdf,188
https://openalex.org/W1535889317,Monitoring of Real-Time Properties,2006,https://doi.org/10.1007/11944836_25,,,Lecture notes in computer science,False,unknown,False,,186
https://openalex.org/W175120007,Statistical Model Checking for Cyber-Physical Systems,2011,https://doi.org/10.1007/978-3-642-24372-1_1,,,Lecture notes in computer science,False,unknown,False,,175
https://openalex.org/W2784743256,Synthesis for Robots: Guarantees and Feedback for Robot Behavior,2018,https://doi.org/10.1146/annurev-control-060117-104838,,,Annual Review of Control Robotics and Autonomous Systems,True,unknown,False,https://www.annualreviews.org/doi/pdf/10.1146/annurev-control-060117-104838,173
https://openalex.org/W1991698050,A Contract-Based Methodology for Aircraft Electric Power System Design,2014,https://doi.org/10.1109/access.2013.2295764,,,IEEE Access,True,unknown,False,https://ieeexplore.ieee.org/ielx7/6287639/6705689/06690099.pdf,170
https://openalex.org/W4230569261,Lectures on Runtime Verification,2018,https://doi.org/10.1007/978-3-319-75632-5,,,Lecture notes in computer science,False,unknown,False,,168
https://openalex.org/W1935692274,Robust temporal logic model predictive control,2015,https://doi.org/10.1109/allerton.2015.7447084,1511.00347,https://export.arxiv.org/e-print/1511.00347,,True,unknown,False,https://arxiv.org/pdf/1511.00347,160
https://openalex.org/W2804655496,Simultaneous task allocation and planning for temporal logic goals in heterogeneous multi-robot systems,2018,https://doi.org/10.1177/0278364918774135,,,The International Journal of Robotics Research,True,other-oa,False,http://urn.kb.se/resolve?urn=urn:nbn:se:kth:diva-214835,157
https://openalex.org/W1933146504,A Platform-Based Design Methodology With Contracts and Related Tools for the Design of Cyber-Physical Systems,2015,https://doi.org/10.1109/jproc.2015.2453253,,,Proceedings of the IEEE,True,other-oa,False,http://hdl.handle.net/11577/3229589,153
https://openalex.org/W2982490718,Recent Advances in Anomaly Detection Methods Applied to Aviation,2019,https://doi.org/10.3390/aerospace6110117,,,Aerospace,True,cc-by,True,https://www.mdpi.com/2226-4310/6/11/117/pdf?version=1573197702,153
https://openalex.org/W2020883449,Synthesis of Reactive Switching Protocols From Temporal Logic Specifications,2013,https://doi.org/10.1109/tac.2013.2246095,,,IEEE Transactions on Automatic Control,False,unknown,False,,150
https://openalex.org/W2956034981,Mining Requirements From Closed-Loop Control Models,2015,https://doi.org/10.1109/tcad.2015.2421907,,,IEEE Transactions on Computer-Aided Design of Integrated Circuits and Systems,False,unknown,False,,148
https://openalex.org/W1796872423,Parametric Identification of Temporal Properties,2012,https://doi.org/10.1007/978-3-642-29860-8_12,,,Lecture notes in computer science,False,unknown,False,,143
https://openalex.org/W2556282465,"Simulation-Based Approaches for Verification of Embedded Control Systems: An Overview of Traditional and Advanced Modeling, Testing, and Verification Techniques",2016,https://doi.org/10.1109/mcs.2016.2602089,,,IEEE Control Systems,False,unknown,False,,143
https://openalex.org/W2470448410,Safe Control under Uncertainty with Probabilistic Signal Temporal Logic,2016,https://doi.org/10.15607/rss.2016.xii.017,,,,True,unknown,False,https://doi.org/10.15607/rss.2016.xii.017,142
https://openalex.org/W2802329608,Signal Temporal Logic-Based Attack Detection in DC Microgrids,2018,https://doi.org/10.1109/tsg.2018.2832544,,,IEEE Transactions on Smart Grid,False,unknown,False,,141
https://openalex.org/W2897317743,A Roadmap Toward the Resilient Internet of Things for Cyber-Physical Systems,2019,https://doi.org/10.1109/access.2019.2891969,1810.06870,https://export.arxiv.org/e-print/1810.06870,IEEE Access,True,cc-by,True,https://doi.org/10.1109/access.2019.2891969,137
https://openalex.org/W1667231716,From MITL to Timed Automata,2006,https://doi.org/10.1007/11867340_20,,,Lecture notes in computer science,False,unknown,False,,136
https://openalex.org/W189973795,On-Line Monitoring for Temporal Logic Robustness,2014,https://doi.org/10.1007/978-3-319-11164-3_19,,,Lecture notes in computer science,False,unknown,False,,133
https://openalex.org/W2339807279,A Decision Tree Approach to Data Classification using Signal Temporal Logic,2016,https://doi.org/10.1145/2883817.2883843,,,,False,unknown,False,,129
https://openalex.org/W2474788619,Temporal Logics for Learning and Detection of Anomalous Behavior,2016,https://doi.org/10.1109/tac.2016.2585083,,,IEEE Transactions on Automatic Control,False,unknown,False,,128
https://openalex.org/W2604347212,Compositional Falsification of Cyber-Physical Systems with Machine Learning Components,2019,https://doi.org/10.1007/s10817-018-09509-5,,,Journal of Automated Reasoning,False,unknown,False,,125
https://openalex.org/W2905277694,Formal Methods for Control Synthesis: An Optimization Perspective,2018,https://doi.org/10.1146/annurev-control-053018-023717,,,Annual Review of Control Robotics and Autonomous Systems,True,unknown,False,https://www.annualreviews.org/doi/pdf/10.1146/annurev-control-053018-023717,125
https://openalex.org/W4394939074,"Explainable Predictive Maintenance: A Survey of Current Methods, Challenges and Opportunities",2024,https://doi.org/10.1109/access.2024.3391130,,,IEEE Access,True,cc-by-nc-nd,False,https://ieeexplore.ieee.org/ielx7/6287639/6514899/10504833.pdf,123
https://openalex.org/W1506101803,Robustness of Temporal Logic Specifications,2006,https://doi.org/10.1007/11940197_12,,,Lecture notes in computer science,False,unknown,False,,122
https://openalex.org/W2161081924,Bayesian statistical model checking with application to Simulink/Stateflow verification,2010,https://doi.org/10.1145/1755952.1755987,,,,False,unknown,False,,120
https://openalex.org/W4384521943,nl2spec: Interactively Translating Unstructured Natural Language to Temporal Logics with Large Language Models,2023,https://doi.org/10.1007/978-3-031-37703-7_18,,,Lecture notes in computer science,True,cc-by,True,https://link.springer.com/content/pdf/10.1007/978-3-031-37703-7_18.pdf,118
https://openalex.org/W4383108499,Guided Conditional Diffusion for Controllable Traffic Simulation,2023,https://doi.org/10.1109/icra48891.2023.10161463,,,,False,unknown,False,,116
https://openalex.org/W1974775743,SpaTeL,2015,https://doi.org/10.1145/2728606.2728633,,,,False,unknown,False,,112
https://openalex.org/W2086359741,Anomaly detection in cyber-physical systems: A formal methods approach,2014,https://doi.org/10.1109/cdc.2014.7039487,,,,False,unknown,False,,111
https://openalex.org/W2945541231,Control Barrier Functions for Multi-Agent Systems Under Conflicting Local Signal Temporal Logic Tasks,2019,https://doi.org/10.1109/lcsys.2019.2917975,,,IEEE Control Systems Letters,True,other-oa,False,http://urn.kb.se/resolve?urn=urn:nbn:se:kth:diva-286092,111
https://openalex.org/W2949719783,Compositional Falsification of Cyber-Physical Systems with Machine Learning Components,2017,https://doi.org/10.1007/978-3-319-57288-8_26,1703.00978,https://export.arxiv.org/e-print/1703.00978,Lecture notes in computer science,True,unknown,False,https://arxiv.org/pdf/1703.00978,110
https://openalex.org/W2995074243,A formal methods approach to interpretable reinforcement learning for robotic planning,2019,https://doi.org/10.1126/scirobotics.aay6276,,,Science Robotics,False,unknown,False,,109
https://openalex.org/W2807161818,Learning Linear Temporal Properties,2018,https://doi.org/10.23919/fmcad.2018.8603016,,,,False,unknown,False,,108
https://openalex.org/W1483606732,AMT: A Property-Based Monitoring Tool for Analog Systems,2007,https://doi.org/10.1007/978-3-540-75454-1_22,,,Lecture notes in computer science,False,unknown,False,,106
https://openalex.org/W2168798915,Bayesian statistical model checking with application to Stateflow/Simulink verification,2013,https://doi.org/10.1007/s10703-013-0195-3,,,Formal Methods in System Design,False,unknown,False,,106
https://openalex.org/W2901580792,A survey of challenges for runtime verification from advanced application domains (beyond software),2019,https://doi.org/10.1007/s10703-019-00337-w,,,Formal Methods in System Design,True,cc-by,True,https://link.springer.com/content/pdf/10.1007/s10703-019-00337-w.pdf,104
https://openalex.org/W2920800988,Arithmetic-Geometric Mean Robustness for Control from Signal Temporal Logic Specifications,2019,https://doi.org/10.23919/acc.2019.8814487,1903.05186,https://export.arxiv.org/e-print/1903.05186,,True,unknown,False,https://arxiv.org/pdf/1903.05186,101
https://openalex.org/W2167799541,Time Robustness in MTL and Expressivity in Hybrid System Falsification,2015,https://doi.org/10.1007/978-3-319-21668-3_21,,,Lecture notes in computer science,False,unknown,False,,100
https://openalex.org/W2909669836,Specification Patterns for Robotic Missions,2019,https://doi.org/10.1109/tse.2019.2945329,1901.02077,https://export.arxiv.org/e-print/1901.02077,IEEE Transactions on Software Engineering,True,unknown,False,https://arxiv.org/pdf/1901.02077,98
https://openalex.org/W2792781634,Fly-by-Logic: Control of Multi-Drone Fleets with Temporal Logic Objectives,2018,https://doi.org/10.1109/iccps.2018.00026,,,,True,unknown,False,https://repository.upenn.edu/bitstreams/000cfbea-9a17-4f05-9173-b2565c7740f2/download,97
https://openalex.org/W3034174753,A Smooth Robustness Measure of Signal Temporal Logic for Symbolic Control,2020,https://doi.org/10.1109/lcsys.2020.3001875,,,IEEE Control Systems Letters,False,unknown,False,,97
https://openalex.org/W181236562,Data-Driven Statistical Learning of Temporal Logic Properties,2014,https://doi.org/10.1007/978-3-319-10512-3_3,,,Lecture notes in computer science,False,unknown,False,,96
https://openalex.org/W4282981328,"Testing, Validation, and Verification of Robotic and Autonomous Systems: A Systematic Review",2022,https://doi.org/10.1145/3542945,,,ACM Transactions on Software Engineering and Methodology,True,cc-by,True,https://doi.org/10.1145/3542945,93
https://openalex.org/W1972402079,System design of stochastic models using robustness of temporal properties,2015,https://doi.org/10.1016/j.tcs.2015.02.046,,,Theoretical Computer Science,True,unknown,False,https://www.sciencedirect.com/science/article/pii/S0304397515002224/pdf,87
https://openalex.org/W2153024173,Mining requirements from closed-loop control models,2013,https://doi.org/10.1145/2461328.2461337,,,,True,unknown,False,https://escholarship.org/content/qt95q77327/qt95q77327.pdf?t=o9a7ss,87
https://openalex.org/W3203074617,Runtime Assurance for Safety-Critical Systems: An Introduction to Safety Filtering Approaches for Complex Control Systems,2023,https://doi.org/10.1109/mcs.2023.3234380,2110.03506,https://export.arxiv.org/e-print/2110.03506,IEEE Control Systems,True,unknown,False,https://arxiv.org/pdf/2110.03506,87
https://openalex.org/W3048348667,Barrier Function Based Collaborative Control of Multiple Robots Under Signal Temporal Logic Tasks,2020,https://doi.org/10.1109/tcns.2020.3014602,,,IEEE Transactions on Control of Network Systems,True,other-oa,False,http://urn.kb.se/resolve?urn=urn:nbn:se:kth:diva-286094,83
https://openalex.org/W3024143642,Frequency-temporal-logic-based bearing fault diagnosis and fault interpretation using Bayesian optimization with Bayesian neural networks,2020,https://doi.org/10.1016/j.ymssp.2020.106951,,,Mechanical Systems and Signal Processing,False,unknown,False,,78
https://openalex.org/W2970963308,Specifying Safety of Autonomous Vehicles in Signal Temporal Logic,2019,https://doi.org/10.1109/ivs.2019.8813875,,,,False,unknown,False,,77
https://openalex.org/W4360868502,Formal methods to comply with rules of the road in autonomous driving: State of the art and grand challenges,2023,https://doi.org/10.1016/j.automatica.2022.110692,,,Automatica,True,other-oa,False,https://mediatum.ub.tum.de/1720092,75
https://openalex.org/W3096990961,RTAMT: Online Robustness Monitors from STL,2020,https://doi.org/10.1007/978-3-030-59152-6_34,,,Lecture notes in computer science,False,unknown,False,,70
https://openalex.org/W2980133010,Encoding and monitoring responsibility sensitive safety rules for automated vehicles in signal temporal logic,2019,https://doi.org/10.1145/3359986.3361203,,,,True,unknown,False,https://dl.acm.org/doi/pdf/10.1145/3359986.3361203,67
https://openalex.org/W2963199590,Robust control for signal temporal logic specifications using discrete average space robustness,2019,https://doi.org/10.1016/j.automatica.2018.12.022,,,Automatica,False,unknown,False,,65
https://openalex.org/W4323644408,Specification-based Autonomous Driving System Testing,2023,https://doi.org/10.1109/tse.2023.3254142,,,IEEE Transactions on Software Engineering,True,cc-by-nc-nd,False,https://ink.library.smu.edu.sg/sis_research/7772,65
https://openalex.org/W4389519952,NL2TL: Transforming Natural Languages to Temporal Logics using Large Language Models,2023,https://doi.org/10.18653/v1/2023.emnlp-main.985,,,,True,cc-by,True,https://aclanthology.org/2023.emnlp-main.985.pdf,63
https://openalex.org/W4205533104,Scalable and Robust Algorithms for Task-Based Coordination From High-Level Specifications (ScRATCHeS),2021,https://doi.org/10.1109/tro.2021.3130794,,,IEEE Transactions on Robotics,False,unknown,False,,62
https://openalex.org/W4403123342,A Survey of Optimization-Based Task and Motion Planning: From Classical to Learning Approaches,2024,https://doi.org/10.1109/tmech.2024.3452509,2404.02817,https://export.arxiv.org/e-print/2404.02817,IEEE/ASME Transactions on Mechatronics,True,cc-by,True,https://arxiv.org/pdf/2404.02817,58
https://openalex.org/W2147263744,On the Robustness of Temporal Properties for Stochastic Models,2013,https://doi.org/10.4204/eptcs.125.1,1309.0866,https://export.arxiv.org/e-print/1309.0866,Electronic Proceedings in Theoretical Computer Science,True,cc-by-nc-nd,False,https://doi.org/10.4204/eptcs.125.1,54
https://openalex.org/W2796878315,Semantic Adversarial Deep Learning,2018,https://doi.org/10.1007/978-3-319-96145-3_1,1804.07045,https://export.arxiv.org/e-print/1804.07045,Lecture notes in computer science,True,cc-by,True,https://link.springer.com/content/pdf/10.1007%2F978-3-319-96145-3_1.pdf,54
https://openalex.org/W2925395957,The 2019 Comparison of Tools for the Analysis of Quantitative Formal Models,2019,https://doi.org/10.1007/978-3-030-17502-3_5,,,Lecture notes in computer science,True,cc-by,True,https://link.springer.com/content/pdf/10.1007%2F978-3-030-17502-3_5.pdf,52
https://openalex.org/W3046650501,Backpropagation through signal temporal logic specifications: Infusing logical structure into gradient-based methods,2022,https://doi.org/10.1177/02783649221082115,,,The International Journal of Robotics Research,False,unknown,False,,52
https://openalex.org/W4205368732,Automatic simulation-based testing of autonomous ships using Gaussian processes and temporal logic,2022,https://doi.org/10.1177/1748006x211069277,,,Proceedings of the Institution of Mechanical Engineers Part O Journal of Risk and Reliability,True,other-oa,False,https://hdl.handle.net/11250/2989532,47
https://openalex.org/W4392719125,Formal synthesis of controllers for safety-critical autonomous systems: Developments and challenges,2024,https://doi.org/10.1016/j.arcontrol.2024.100940,,,Annual Reviews in Control,False,unknown,False,,40
https://openalex.org/W1576278728,Verification of Analog and Mixed-Signal Circuits Using Hybrid System Techniques,2004,https://doi.org/10.1007/978-3-540-30494-4_3,,,Lecture notes in computer science,False,unknown,False,,135
https://openalex.org/W2158381251,Monitoring properties of analog and mixed-signal circuits,2012,https://doi.org/10.1007/s10009-012-0247-9,,,International Journal on Software Tools for Technology Transfer,False,unknown,False,,107
https://openalex.org/W1494737186,"Checking Temporal Properties of Discrete, Timed and Continuous Behaviors",2008,https://doi.org/10.1007/978-3-540-78127-1_26,,,Springer eBooks,False,unknown,False,,102
https://openalex.org/W618136976,Efficient Guiding Strategies for Testing of Temporal Properties of Hybrid Systems,2015,https://doi.org/10.1007/978-3-319-17524-9_10,,,Lecture notes in computer science,False,unknown,False,,99
https://openalex.org/W2086092403,Temporal logic inference for classification and prediction from data,2014,https://doi.org/10.1145/2562059.2562146,,,,True,cc-by-nc-nd,False,https://hdl.handle.net/11511/47846,97
https://openalex.org/W2116358561,Formal verification of analog and mixed signal designs: A survey,2008,https://doi.org/10.1016/j.mejo.2008.05.013,,,Microelectronics Journal,False,unknown,False,,94
https://openalex.org/W2749567864,Formalising and Monitoring Traffic Rules for Autonomous Vehicles in Isabelle/HOL,2017,https://doi.org/10.1007/978-3-319-66845-1_4,,,Lecture notes in computer science,True,other-oa,False,https://mediatum.ub.tum.de/1379673,88
https://openalex.org/W2344795941,Perceptions on the State of the Art in Verification and Validation in Cyber-Physical Systems,2015,https://doi.org/10.1109/jsyst.2015.2496293,,,IEEE Systems Journal,False,unknown,False,,87
https://openalex.org/W2752666516,Combining Model Checking and Runtime Verification for Safe Robotics,2017,https://doi.org/10.1007/978-3-319-67531-2_11,,,Lecture notes in computer science,False,unknown,False,,80
https://openalex.org/W2961558634,StreamLAB: Stream-based Monitoring of Cyber-Physical Systems,2019,https://doi.org/10.1007/978-3-030-25540-4_24,,,Lecture notes in computer science,True,cc-by,True,https://link.springer.com/content/pdf/10.1007%2F978-3-030-25540-4_24.pdf,79
https://openalex.org/W1780005695,"Real Time Temporal Logic: Past, Present, Future",2005,https://doi.org/10.1007/11603009_2,,,Lecture notes in computer science,False,unknown,False,,78
https://openalex.org/W2941720440,Control from Signal Temporal Logic Specifications with Smooth Cumulative Quantitative Semantics,2019,https://doi.org/10.1109/cdc40024.2019.9029429,1904.11611,https://export.arxiv.org/e-print/1904.11611,,True,unknown,False,https://arxiv.org/pdf/1904.11611,78
https://openalex.org/W2157413433,Smoothed model checking for uncertain Continuous-Time Markov Chains,2016,https://doi.org/10.1016/j.ic.2016.01.004,,,Information and Computation,True,unknown,False,https://www.sciencedirect.com/science/article/pii/S0890540116000055/pdf,77
https://openalex.org/W2888811801,TeSSLa: Temporal Stream-Based Specification Language,2018,https://doi.org/10.1007/978-3-030-03044-5_10,,,Lecture notes in computer science,True,cc-by,True,https://doi.org/10.1007/978-3-030-03044-5_10,76
https://openalex.org/W1509254601,On Temporal Logic and Signal Processing,2012,https://doi.org/10.1007/978-3-642-33386-6_9,,,Lecture notes in computer science,False,unknown,False,,75
https://openalex.org/W2798302610,Falsification of Cyber-Physical Systems Using Deep Reinforcement Learning,2018,https://doi.org/10.1007/978-3-319-95582-7_27,1805.00200,https://export.arxiv.org/e-print/1805.00200,Lecture notes in computer science,True,unknown,False,https://arxiv.org/pdf/1805.00200,67
https://openalex.org/W2254640530,Robust Model Predictive Control for Signal Temporal Logic Synthesis,2015,https://doi.org/10.1016/j.ifacol.2015.11.195,,,IFAC-PapersOnLine,True,unknown,False,https://doi.org/10.1016/j.ifacol.2015.11.195,66
https://openalex.org/W2963003663,Two-Layered Falsification of Hybrid Systems Guided by Monte Carlo Tree Search,2018,https://doi.org/10.1109/tcad.2018.2858463,,,IEEE Transactions on Computer-Aided Design of Integrated Circuits and Systems,False,unknown,False,,65
https://openalex.org/W1705718777,Qualitative and Quantitative Monitoring of Spatio-Temporal Properties,2015,https://doi.org/10.1007/978-3-319-23820-3_2,,,Lecture notes in computer science,True,other-oa,False,https://arts.units.it/bitstream/11368/2856192/1/RV15-post.pdf,64
https://openalex.org/W6669264,Timed Pattern Matching,2014,https://doi.org/10.1007/978-3-319-10512-3_16,,,Lecture notes in computer science,False,unknown,False,,63
https://openalex.org/W2899781265,Striver: Stream Runtime Verification for Real-Time Event-Streams,2018,https://doi.org/10.1007/978-3-030-03769-7_16,,,Lecture notes in computer science,False,unknown,False,,61
https://openalex.org/W3137252442,Power Line Inspection Tasks With Multi-Aerial Robot Systems Via Signal Temporal Logic Specifications,2021,https://doi.org/10.1109/lra.2021.3068114,2302.04691,https://export.arxiv.org/e-print/2302.04691,IEEE Robotics and Automation Letters,True,unknown,False,https://arxiv.org/pdf/2302.04691,59
https://openalex.org/W3002440596,Falsification of Cyber-Physical Systems Using Deep Reinforcement Learning,2020,https://doi.org/10.1109/tse.2020.2969178,,,IEEE Transactions on Software Engineering,False,unknown,False,,57
https://openalex.org/W2396982436,Time window temporal logic,2017,https://doi.org/10.1016/j.tcs.2017.07.012,1602.04294,https://export.arxiv.org/e-print/1602.04294,Theoretical Computer Science,True,unknown,False,https://doi.org/10.1016/j.tcs.2017.07.012,56
https://openalex.org/W2726579140,Qualitative and Quantitative Monitoring of Spatio-Temporal Properties with SSTL,2018,https://doi.org/10.23638/lmcs-14(4:2)2018,1706.09334,https://export.arxiv.org/e-print/1706.09334,Logical Methods in Computer Science,True,cc-by,True,https://lmcs.episciences.org/4913/pdf,56
https://openalex.org/W2920995093,Generating automated and online test oracles for Simulink models with continuous and uncertain behaviors,2019,https://doi.org/10.1145/3338906.3338920,1903.03399,https://export.arxiv.org/e-print/1903.03399,,True,unknown,False,https://arxiv.org/pdf/1903.03399,55
https://openalex.org/W2963178026,Distributed communication-aware motion planning for multi-agent systems from STL and SpaTeL specifications,2017,https://doi.org/10.1109/cdc.2017.8264316,,,,False,unknown,False,,55
https://openalex.org/W16991763,Algorithms for Monitoring Real-Time Properties,2012,https://doi.org/10.1007/978-3-642-29860-8_20,,,Lecture notes in computer science,False,unknown,False,,54
https://openalex.org/W2615395111,Prescribed performance control for signal temporal logic specifications,2017,https://doi.org/10.1109/cdc.2017.8264095,,,,True,other-oa,False,http://urn.kb.se/resolve?urn=urn:nbn:se:kth:diva-223857,54
https://openalex.org/W2969218722,Model Conformance for Cyber-Physical Systems,2019,https://doi.org/10.1145/3306157,,,ACM Transactions on Cyber-Physical Systems,True,other-oa,False,http://mediatum.ub.tum.de/node?id=1554435,54
https://openalex.org/W3011615376,On Robustness Metrics for Learning STL Tasks,2020,https://doi.org/10.23919/acc45564.2020.9147692,2003.06041,https://export.arxiv.org/e-print/2003.06041,,True,unknown,False,https://arxiv.org/pdf/2003.06041,54
https://openalex.org/W371510500,Temporal Logic Based Monitoring of Assisted Ventilation in Intensive Care Patients,2014,https://doi.org/10.1007/978-3-662-45231-8_30,,,Lecture notes in computer science,True,other-oa,False,https://www.research.ed.ac.uk/en/publications/e2b8d2b8-e9be-408a-8678-a0696c02effd,53
https://openalex.org/W2034837094,STL⁎: Extending signal temporal logic with signal-value freezing operator,2014,https://doi.org/10.1016/j.ic.2014.01.012,,,Information and Computation,True,unknown,False,https://www.sciencedirect.com/science/article/pii/S0890540114000133/pdf,52
https://openalex.org/W2256658272,Diagnosis and Repair for Synthesis from Signal Temporal Logic Specifications,2016,https://doi.org/10.1145/2883817.2883847,,,,False,unknown,False,,52
https://openalex.org/W2312067050,Mining parametric temporal logic properties in model-based design for cyber-physical systems,2017,https://doi.org/10.1007/s10009-017-0447-4,1512.07956,https://export.arxiv.org/e-print/1512.07956,International Journal on Software Tools for Technology Transfer,True,unknown,False,https://arxiv.org/pdf/1512.07956,52
https://openalex.org/W3097154153,Event-Based Signal Temporal Logic Synthesis for Single and Multi-Robot Tasks,2021,https://doi.org/10.1109/lra.2021.3064220,2011.00370,https://export.arxiv.org/e-print/2011.00370,IEEE Robotics and Automation Letters,True,unknown,False,https://arxiv.org/pdf/2011.00370,52
https://openalex.org/W2964188981,Communication-aware motion planning for multi-agent systems from signal temporal logic specifications,2017,https://doi.org/10.23919/acc.2017.7963331,,,,False,unknown,False,,51
https://openalex.org/W2943945408,Evaluating model testing and model checking for finding requirements violations in Simulink models,2019,https://doi.org/10.1145/3338906.3340444,1905.03490,https://export.arxiv.org/e-print/1905.03490,,True,unknown,False,https://arxiv.org/pdf/1905.03490,50
https://openalex.org/W369898724,On Signal Temporal Logic,2013,https://doi.org/10.1007/978-3-642-40787-1_27,,,Lecture notes in computer science,False,unknown,False,,50
https://openalex.org/W2120953717,Temporal Logic Verification Using Simulation,2006,https://doi.org/10.1007/11867340_13,,,Lecture notes in computer science,False,unknown,False,,49
https://openalex.org/W3127898694,Planning of Heterogeneous Multi-Agent Systems Under Signal Temporal Logic Specifications With Integral Predicates,2021,https://doi.org/10.1109/lra.2021.3057049,,,IEEE Robotics and Automation Letters,False,unknown,False,,49
https://openalex.org/W1574125125,On Synthesizing Controllers from Bounded-Response Properties,2007,https://doi.org/10.1007/978-3-540-73368-3_12,,,Lecture notes in computer science,False,unknown,False,,48
https://openalex.org/W2801291729,TeSSLa,2018,https://doi.org/10.1145/3167132.3167338,,,,True,cc-by-sa,True,http://dl.acm.org/ft_gateway.cfm?id=3167338&type=pdf,48
https://openalex.org/W2912432686,TeLEx: learning signal temporal logic from positive examples using tightness metric,2019,https://doi.org/10.1007/s10703-019-00332-1,,,Formal Methods in System Design,False,unknown,False,,48
https://openalex.org/W98354153,System Level Formal Verification via Model Checking Driven Simulation,2013,https://doi.org/10.1007/978-3-642-39799-8_21,,,Lecture notes in computer science,False,unknown,False,,48
https://openalex.org/W3045543478,Autonomous Vehicle Decision-Making and Monitoring based on Signal Temporal Logic and Mixed-Integer Programming,2020,https://doi.org/10.23919/acc45564.2020.9147917,,,,False,unknown,False,,47
https://openalex.org/W3089518496,Specifying User Preferences Using Weighted Signal Temporal Logic,2020,https://doi.org/10.1109/lcsys.2020.3047362,2010.00752,https://export.arxiv.org/e-print/2010.00752,IEEE Control Systems Letters,True,unknown,False,https://arxiv.org/pdf/2010.00752,46
https://openalex.org/W3092507083,Runtime Verification of Autonomous Driving Systems in CARLA,2020,https://doi.org/10.1007/978-3-030-60508-7_9,,,Lecture notes in computer science,False,unknown,False,,46
https://openalex.org/W3003585843,Deep Predictive Autonomous Driving Using Multi-Agent Joint Trajectory Prediction and Traffic Rules,2019,https://doi.org/10.1109/iros40897.2019.8967708,,,,False,unknown,False,,44
https://openalex.org/W2890856788,Codesign Methodologies and Tools for Cyber–Physical Systems,2018,https://doi.org/10.1109/jproc.2018.2864271,,,Proceedings of the IEEE,False,unknown,False,,43
https://openalex.org/W3026534080,SaSTL: Spatial Aggregation Signal Temporal Logic for Runtime Monitoring in Smart Cities,2020,https://doi.org/10.1109/iccps48487.2020.00013,2011.00384,https://export.arxiv.org/e-print/2011.00384,,True,unknown,False,https://arxiv.org/pdf/2011.00384,43
https://openalex.org/W1511164163,Learning and Designing Stochastic Processes from Logical Constraints,2013,https://doi.org/10.1007/978-3-642-40196-1_7,,,Lecture notes in computer science,True,other-oa,False,http://hdl.handle.net/20.500.11820/dfaeedf4-9771-4005-b2c6-fde8b646c502,42
https://openalex.org/W2757813108,Hyperproperties of real-valued signals,2017,https://doi.org/10.1145/3127041.3127058,,,,False,unknown,False,,42
https://openalex.org/W3120924814,Recurrent Neural Network Controllers for Signal Temporal Logic Specifications Subject to Safety Constraints,2021,https://doi.org/10.1109/lcsys.2021.3049917,,,IEEE Control Systems Letters,False,unknown,False,,42
https://openalex.org/W2772485446,Sampling-based synthesis of maximally-satisfying controllers for temporal logic specifications,2017,https://doi.org/10.1109/iros.2017.8206235,,,,True,cc-by-nc-sa,False,http://hdl.handle.net/1721.1/118844,41
https://openalex.org/W2522468251,Robotic swarm control from spatio-temporal specifications,2016,https://doi.org/10.1109/cdc.2016.7799146,,,,False,unknown,False,,40
https://openalex.org/W2900411537,Bounded model checking of signal temporal logic properties using syntactic separation,2019,https://doi.org/10.1145/3290364,,,Proceedings of the ACM on Programming Languages,True,cc-by,True,https://dl.acm.org/doi/pdf/10.1145/3290364,40
https://openalex.org/W2963593407,A Robust Genetic Algorithm for Learning Temporal Specifications from Data,2018,https://doi.org/10.1007/978-3-319-99154-2_20,,,Lecture notes in computer science,True,other-oa,False,https://arts.units.it/bitstream/11368/2931393/2/1711.06202-2.pdf,40
https://openalex.org/W2989996325,A Case Study of Trust on Autonomous Driving,2019,https://doi.org/10.1109/itsc.2019.8917251,,,,False,unknown,False,,40
https://openalex.org/W3149132974,A Novel Spatial–Temporal Specification-Based Monitoring System for Smart Cities,2021,https://doi.org/10.1109/jiot.2021.3069943,,,IEEE Internet of Things Journal,False,unknown,False,,40
https://openalex.org/W2293761843,ST-Lib: A Library for Specifying and Classifying Model Behaviors,2016,https://doi.org/10.4271/2016-01-0621,,,SAE technical papers on CD-ROM/SAE technical paper series,False,unknown,False,,39
https://openalex.org/W2956582956,Satisfiability Checking for Mission-Time LTL,2019,https://doi.org/10.1007/978-3-030-25543-5_1,,,Lecture notes in computer science,True,cc-by,True,https://link.springer.com/content/pdf/10.1007%2F978-3-030-25543-5_1.pdf,39
https://openalex.org/W1900583228,"Combining Induction, Deduction, and Structure for Verification and Synthesis",2015,https://doi.org/10.1109/jproc.2015.2471838,,,Proceedings of the IEEE,True,unknown,False,https://escholarship.org/content/qt32g9j8xb/qt32g9j8xb.pdf?t=o9hs9y,38
https://openalex.org/W2735260746,Classification and Coverage-Based Falsification for Embedded Control Systems,2017,https://doi.org/10.1007/978-3-319-63387-9_24,,,Lecture notes in computer science,False,unknown,False,,38
https://openalex.org/W2968608911,Decentralized Control Barrier Functions for Coupled Multi-Agent Systems under Signal Temporal Logic Tasks,2019,https://doi.org/10.23919/ecc.2019.8796109,,,,True,other-oa,False,http://urn.kb.se/resolve?urn=urn:nbn:se:kth:diva-263382,38
https://openalex.org/W3023131782,Falsification of cyber-physical systems with robustness-guided black-box checking,2020,https://doi.org/10.1145/3365365.3382193,2005.02126,https://export.arxiv.org/e-print/2005.02126,,True,unknown,False,https://arxiv.org/pdf/2005.02126,38
https://openalex.org/W3034546171,Distributed Communication-Aware Motion Planning for Networked Mobile Robots Under Formal Specifications,2020,https://doi.org/10.1109/tcns.2020.3000742,,,IEEE Transactions on Control of Network Systems,False,unknown,False,,38
https://openalex.org/W3045535642,Continuous-time Signal Temporal Logic Planning with Control Barrier Functions,2020,https://doi.org/10.23919/acc45564.2020.9147387,,,,False,unknown,False,,38
https://openalex.org/W183719528,Model Checking of Biological Systems,2013,https://doi.org/10.1007/978-3-642-38874-3_3,,,Lecture notes in computer science,False,unknown,False,,37
https://openalex.org/W2000280333,Rare-event verification for stochastic hybrid systems,2012,https://doi.org/10.1145/2185632.2185665,,,,False,unknown,False,,37
https://openalex.org/W2946780124,Feedback control strategies for multi-agent systems under a fragment of signal temporal logic tasks,2019,https://doi.org/10.1016/j.automatica.2019.05.013,,,Automatica,True,other-oa,False,http://urn.kb.se/resolve?urn=urn:nbn:se:kth:diva-255402,37
https://openalex.org/W2955486192,Guiding Autonomous Exploration With Signal Temporal Logic,2019,https://doi.org/10.1109/lra.2019.2926669,,,IEEE Robotics and Automation Letters,False,unknown,False,,37
https://openalex.org/W2962741219,Interpretable classification of time-series data using efficient enumerative techniques,2020,https://doi.org/10.1145/3365365.3382218,1907.10265,https://export.arxiv.org/e-print/1907.10265,,True,public-domain,False,https://arxiv.org/pdf/1907.10265,37
https://openalex.org/W3164776375,Back-Propagation Through Signal Temporal Logic Specifications: Infusing Logical Structure into Gradient-Based Methods,2021,https://doi.org/10.1007/978-3-030-66723-8_26,,,Springer proceedings in advanced robotics,False,unknown,False,,37
https://openalex.org/W2952716475,Position paper on the challenges posed by modern applications to cyber-physical systems theory,2019,https://doi.org/10.1016/j.nahs.2019.05.007,,,Nonlinear Analysis Hybrid Systems,True,other-oa,False,http://hdl.handle.net/11311/1121492,36
https://openalex.org/W2053994043,Formal verification of phase-locked loops using reachability analysis and continuization,2011,https://doi.org/10.5555/2132325.2132473,,,International Conference on Computer Aided Design,False,unknown,False,,35
https://openalex.org/W2602257487,Robust motion planning employing signal temporal logic,2017,https://doi.org/10.23919/acc.2017.7963399,,,,True,other-oa,False,http://urn.kb.se/resolve?urn=urn:nbn:se:kth:diva-211132,35
https://openalex.org/W2796919988,Bayesian Statistical Parameter Synthesis for Linear Temporal Properties of Stochastic Models,2018,https://doi.org/10.1007/978-3-319-89963-3_23,,,Lecture notes in computer science,True,cc-by,True,https://arts.units.it/bitstream/11368/2931397/1/Bortolussi-Silvetti2018_Chapter_BayesianStatisticalParameterSy.pdf,35
https://openalex.org/W3155735978,Sampling-based Motion Planning with Temporal Logic Missions and Spatial Preferences,2020,https://doi.org/10.1016/j.ifacol.2020.12.2397,,,IFAC-PapersOnLine,True,unknown,False,https://doi.org/10.1016/j.ifacol.2020.12.2397,35
https://openalex.org/W1830517132,A Temporal Logic Approach to Modular Design of Synthetic Biological Circuits,2013,https://doi.org/10.1007/978-3-642-40708-6_13,,,Lecture notes in computer science,False,unknown,False,,34
https://openalex.org/W2998363984,Coupled Multi-Robot Systems Under Linear Temporal Logic and Signal Temporal Logic Tasks,2019,https://doi.org/10.1109/tcst.2019.2955628,,,IEEE Transactions on Control Systems Technology,True,other-oa,False,http://urn.kb.se/resolve?urn=urn:nbn:se:kth:diva-285460,34
https://openalex.org/W3158987425,Predictive Monitoring with Logic-Calibrated Uncertainty for Cyber-Physical Systems,2021,https://doi.org/10.1145/3477032,2011.00384,https://export.arxiv.org/e-print/2011.00384,ACM Transactions on Embedded Computing Systems,True,unknown,False,https://arxiv.org/pdf/2011.00384v3,34
https://openalex.org/W3185320737,High Order Control Lyapunov-Barrier Functions for Temporal Logic Specifications,2021,https://doi.org/10.23919/acc50511.2021.9483028,,,,False,unknown,False,,34
https://openalex.org/W2245953329,Specifying and Monitoring Properties of Stochastic Spatio-Temporal Systems in Signal Temporal Logic,2015,https://doi.org/10.4108/icst.valuetools.2014.258183,,,,True,cc-by,True,https://doi.org/10.4108/icst.valuetools.2014.258183,33
https://openalex.org/W2797047369,AMT 2.0: Qualitative and Quantitative Trace Analysis with Extended Signal Temporal Logic,2018,https://doi.org/10.1007/978-3-319-89963-3_18,,,Lecture notes in computer science,False,unknown,False,,33
https://openalex.org/W2070311462,Model predictive control from signal temporal logic specifications,2014,https://doi.org/10.1145/2593458.2593472,,,,True,unknown,False,https://escholarship.org/content/qt9kx555n7/qt9kx555n7.pdf,32
https://openalex.org/W2150483478,CPSGrader,2014,https://doi.org/10.1145/2656045.2656053,,,,False,unknown,False,,32
https://openalex.org/W2938564214,Interface-aware signal temporal logic,2019,https://doi.org/10.1145/3302504.3311800,,,,False,unknown,False,,32
https://openalex.org/W3016604139,Interpretable Safety Validation for Autonomous Vehicles,2020,https://doi.org/10.1109/itsc45102.2020.9294490,2004.06805,https://export.arxiv.org/e-print/2004.06805,,True,unknown,False,https://arxiv.org/pdf/2004.06805,32
https://openalex.org/W3089553867,Fast Decomposition of Temporal Logic Specifications for Heterogeneous Teams,2022,https://doi.org/10.1109/lra.2022.3143304,2010.00030,https://export.arxiv.org/e-print/2010.00030,IEEE Robotics and Automation Letters,True,unknown,False,https://arxiv.org/pdf/2010.00030,32
https://openalex.org/W3148956571,Formal verification of phase-locked loops using reachability analysis and continuization,2011,https://doi.org/10.1109/iccad.2011.6105400,,,,True,other-oa,False,https://mediatum.ub.tum.de/1287214,32
https://openalex.org/W3163019889,Combining Task and Motion Planning: Challenges and Guidelines,2021,https://doi.org/10.3389/frobt.2021.637888,,,Frontiers in Robotics and AI,True,cc-by,True,https://www.frontiersin.org/articles/10.3389/frobt.2021.637888/pdf,32
https://openalex.org/W2187020956,Metric interval temporal logic specification elicitation and debugging,2015,https://doi.org/10.1109/memcod.2015.7340472,,,,False,unknown,False,,31
https://openalex.org/W2963100367,An Active Learning Approach to the Falsification of Black Box Cyber-Physical Systems,2017,https://doi.org/10.1007/978-3-319-66845-1_1,1705.01879,https://export.arxiv.org/e-print/1705.01879,Lecture notes in computer science,True,unknown,False,https://arxiv.org/pdf/1705.01879,31
https://openalex.org/W2978342210,"Robustness of Specifications and Its Applications to Falsification, Parameter Mining, and Runtime Monitoring with S-TaLiRo",2019,https://doi.org/10.1007/978-3-030-32079-9_3,,,Lecture notes in computer science,False,unknown,False,,31
https://openalex.org/W3106851932,A Survey of Motion and Task Planning Techniques for Unmanned Multicopter Systems,2020,https://doi.org/10.1142/s2301385021500151,,,Unmanned Systems,False,unknown,False,,31
https://openalex.org/W3197449148,Reactive and Risk-Aware Control for Signal Temporal Logic,2021,https://doi.org/10.1109/tac.2021.3120681,2108.13490,https://export.arxiv.org/e-print/2108.13490,IEEE Transactions on Automatic Control,True,unknown,False,https://arxiv.org/pdf/2108.13490,31
https://openalex.org/W2737162901,A Generic Algorithm for Learning Symbolic Automata from Membership Queries,2017,https://doi.org/10.1007/978-3-319-63121-9_8,,,Lecture notes in computer science,False,unknown,False,,30
https://openalex.org/W2753637750,Robust Online Monitoring of Signal Temporal Logic,2015,https://doi.org/10.1007/978-3-319-23820-3_4,1506.08234,https://export.arxiv.org/e-print/1506.08234,Lecture notes in computer science,True,unknown,False,https://arxiv.org/pdf/1506.08234,30
https://openalex.org/W2807270760,Advisory Temporal Logic Inference and Controller Design for Semiautonomous Robots,2018,https://doi.org/10.1109/tase.2018.2836867,,,IEEE Transactions on Automation Science and Engineering,False,unknown,False,,30
https://openalex.org/W2963516601,ARCH-COMP 2019 Category Report: Falsification,2019,https://doi.org/10.29007/68dk,,,EPiC series in computing,True,unknown,False,https://easychair.org/publications/open/5VWq,30
https://openalex.org/W3147096706,Time-Robust Control for STL Specifications,2021,https://doi.org/10.1109/cdc45484.2021.9683477,2104.02677,https://export.arxiv.org/e-print/2104.02677,2021 60th IEEE Conference on Decision and Control (CDC),True,unknown,False,https://arxiv.org/pdf/2104.02677,30
https://openalex.org/W2760388230,Stochastic contracts for cyber-physical system design under probabilistic requirements,2017,https://doi.org/10.1145/3127041.3127045,,,,False,unknown,False,,29
https://openalex.org/W2979502960,FPGA Stream-Monitoring of Real-time Properties,2019,https://doi.org/10.1145/3358220,,,ACM Transactions on Embedded Computing Systems,True,cc-by-nc-sa,False,https://doi.org/10.1145/3358220,29
https://openalex.org/W3003004875,Incremental reasoning in probabilistic Signal Temporal Logic,2020,https://doi.org/10.1016/j.ijar.2020.01.009,,,International Journal of Approximate Reasoning,True,cc-by-nc-nd,False,https://www.sciencedirect.com/science/article/pii/S0888613X19302671/pdf,28
https://openalex.org/W3154370202,ARCH-COMP 2020 Category Report: Falsification,2020,https://doi.org/10.29007/trr1,,,EPiC series in computing,True,unknown,False,https://easychair.org/publications/open/ps5t,28
https://openalex.org/W2767243782,Rapidly Adjustable Non-intrusive Online Monitoring for Multi-core Systems,2017,https://doi.org/10.1007/978-3-319-70848-5_12,,,Lecture notes in computer science,True,cc-by,True,https://link.springer.com/content/pdf/10.1007%2F978-3-319-70848-5_12.pdf,27
https://openalex.org/W2795506272,Efficient Parametric Identification for STL,2018,https://doi.org/10.1145/3178126.3178132,,,,True,other-oa,False,https://hal.science/hal-01715564,27
https://openalex.org/W2900440339,Verifying and Validating Autonomous Systems: Towards an Integrated Approach,2018,https://doi.org/10.1007/978-3-030-03769-7_15,,,Lecture notes in computer science,True,cc-by,True,https://hdl.handle.net/11380/1331839,27
https://openalex.org/W3119924191,CPSDebug: Automatic failure explanation in CPS models,2021,https://doi.org/10.1007/s10009-020-00599-4,,,International Journal on Software Tools for Technology Transfer,True,cc-by,True,https://link.springer.com/content/pdf/10.1007/s10009-020-00599-4.pdf,27
https://openalex.org/W2922525906,Prescribed Performance Control Guided Policy Improvement for Satisfying Signal Temporal Logic Tasks,2019,https://doi.org/10.23919/acc.2019.8814999,1903.04340,https://export.arxiv.org/e-print/1903.04340,,True,unknown,False,https://arxiv.org/pdf/1903.04340,26
https://openalex.org/W2934277896,Automatic Failure Explanation in CPS Models,2019,https://doi.org/10.1007/978-3-030-30446-1_4,1903.12468,https://export.arxiv.org/e-print/1903.12468,Lecture notes in computer science,True,unknown,False,https://arxiv.org/pdf/1903.12468,26
https://openalex.org/W2966672852,Survey on automated symbolic verification and its application for synthesising cyber‐physical systems,2019,https://doi.org/10.1049/iet-cps.2018.5006,,,IET Cyber-Physical Systems Theory & Applications,True,cc-by,True,https://onlinelibrary.wiley.com/doi/pdfdirect/10.1049/iet-cps.2018.5006,26
https://openalex.org/W4200324797,ARCH-COMP 2021 Category Report: Falsification with Validation of Results,2021,https://doi.org/10.29007/xwl1,,,EPiC series in computing,True,unknown,False,https://easychair.org/publications/open/F4kf,26
https://openalex.org/W2975657856,Efficient Automata-based Planning and Control under Spatio-Temporal Logic Specifications,2020,https://doi.org/10.23919/acc45564.2020.9147796,1909.11159,https://export.arxiv.org/e-print/1909.11159,,True,unknown,False,https://arxiv.org/pdf/1909.11159,25
https://openalex.org/W3196228097,PerceMon: Online Monitoring for Perception Systems,2021,https://doi.org/10.1007/978-3-030-88494-9_18,2108.08289,https://export.arxiv.org/e-print/2108.08289,Lecture notes in computer science,True,unknown,False,https://arxiv.org/pdf/2108.08289,25
https://openalex.org/W4283361469,Statistical Verification of Cyber-Physical Systems using Surrogate Models and Conformal Inference,2022,https://doi.org/10.1109/iccps54341.2022.00017,,,,False,unknown,False,,25
https://openalex.org/W2089383275,Survivability Evaluation of Fluid Critical Infrastructures Using Hybrid Petri Nets,2013,https://doi.org/10.1109/prdc.2013.34,,,,True,other-oa,False,https://research.utwente.nl/en/publications/6fe6ff13-ccd0-45c5-9c03-2253c807a50d,24
https://openalex.org/W2473841607,Spatial Logic and Spatial Model Checking for Closure Spaces,2016,https://doi.org/10.1007/978-3-319-34096-8_6,,,Lecture notes in computer science,True,other-oa,False,https://openportal.isti.cnr.it/doc?id=people______::ad2a7f232a137658d1ef5d18379df347,24
https://openalex.org/W2530345271,Time in cyber-physical systems,2016,https://doi.org/10.1145/2968456.2974012,,,,False,unknown,False,,24
https://openalex.org/W2991657688,Controller Synthesis for Multi-Agent Systems With Intermittent Communication. A Metric Temporal Logic Approach,2019,https://doi.org/10.1109/allerton.2019.8919727,,,,False,unknown,False,,24
https://openalex.org/W3022362085,Statistical verification of learning-based cyber-physical systems,2020,https://doi.org/10.1145/3365365.3382209,,,,False,unknown,False,,24
https://openalex.org/W3165590793,A Logic for Monitoring Dynamic Networks of Spatially-distributed Cyber-Physical Systems,2022,https://doi.org/10.46298/lmcs-18(1:4)2022,2105.11400,https://export.arxiv.org/e-print/2105.11400,Logical Methods in Computer Science,True,cc-by,True,https://doi.org/10.46298/lmcs-18(1:4)2022,24
https://openalex.org/W3210646386,Predictive Monitoring of Traffic Rules,2021,https://doi.org/10.1109/itsc48978.2021.9564432,,,,True,other-oa,False,https://mediatum.ub.tum.de/1633433,24
https://openalex.org/W2528363695,What Is a Trace? A Runtime Verification Perspective,2016,https://doi.org/10.1007/978-3-319-47169-3_25,,,Lecture notes in computer science,True,other-oa,False,https://pure.manchester.ac.uk/ws/files/56919083/main.4.pdf,23
https://openalex.org/W4379382417,A Formal Control Framework of Autonomous Vehicle for Signal Temporal Logic Tasks and Obstacle Avoidance,2023,https://doi.org/10.1109/tiv.2023.3283055,,,IEEE Transactions on Intelligent Vehicles,False,unknown,False,,23
https://openalex.org/W3200011036,STL2vec: Signal Temporal Logic Embeddings for Control Synthesis With Recurrent Neural Networks,2022,https://doi.org/10.1109/lra.2022.3155197,,,IEEE Robotics and Automation Letters,False,unknown,False,,22
https://openalex.org/W3200472368,"Automatic Reuse, Adaption, and Execution of Simulation Experiments via Provenance Patterns",2022,https://doi.org/10.1145/3564928,,,ACM Transactions on Modeling and Computer Simulation,False,unknown,False,,22
https://openalex.org/W4304547391,Combined Left and Right Temporal Robustness for Control Under STL Specifications,2022,https://doi.org/10.1109/lcsys.2022.3209928,,,IEEE Control Systems Letters,False,unknown,False,,22
https://openalex.org/W4382119883,Specification-Compliant Driving Corridors for Motion Planning of Automated Vehicles,2023,https://doi.org/10.1109/tiv.2023.3289580,,,IEEE Transactions on Intelligent Vehicles,True,other-oa,False,https://mediatum.ub.tum.de/1713704,22
https://openalex.org/W4386737220,Signal Temporal Logic Neural Predictive Control,2023,https://doi.org/10.1109/lra.2023.3315536,,,IEEE Robotics and Automation Letters,False,unknown,False,,22
https://openalex.org/W2905586589,Quotient for Assume-Guarantee Contracts,2018,https://doi.org/10.1109/memcod.2018.8556872,,,,False,unknown,False,,21
https://openalex.org/W3088433265,Funnel control for fully actuated systems under a fragment of signal temporal logic specifications,2020,https://doi.org/10.1016/j.nahs.2020.100973,,,Nonlinear Analysis Hybrid Systems,False,unknown,False,,21
https://openalex.org/W4312546689,Learning Monitorable Operational Design Domains for Assured Autonomy,2022,https://doi.org/10.1007/978-3-031-19992-9_1,,,Lecture notes in computer science,False,unknown,False,,21
https://openalex.org/W2522650173,Falsification of Conditional Safety Properties for Cyber-Physical Systems with Gaussian Process Regression,2016,https://doi.org/10.1007/978-3-319-46982-9_27,,,Lecture notes in computer science,False,unknown,False,,20
https://openalex.org/W3012288983,Continuous Abstraction of Nonlinear Systems using Sum-of-Squares Programming,2019,https://doi.org/10.1109/cdc40024.2019.9029776,,,,False,unknown,False,,20
https://openalex.org/W4289856811,Receding Horizon Control With Online Barrier Function Design Under Signal Temporal Logic Specifications,2022,https://doi.org/10.1109/tac.2022.3195470,,,IEEE Transactions on Automatic Control,True,other-oa,False,https://kth.diva-portal.org/smash/get/diva2:1643483/FULLTEXT01,20
https://openalex.org/W4312934182,Robust Temporal Logic Motion Control via Disturbance Observers,2022,https://doi.org/10.1109/tie.2022.3229327,,,IEEE Transactions on Industrial Electronics,True,cc-by,True,https://figshare.com/articles/journal_contribution/Robust_temporal_logic_motion_control_via_disturbance_observers/21989990,20
https://openalex.org/W4386889431,Search-Based Software Testing Driven by Automatically Generated and Manually Defined Fitness Functions,2023,https://doi.org/10.1145/3624745,,,ACM Transactions on Software Engineering and Methodology,True,unknown,False,https://dl.acm.org/doi/pdf/10.1145/3624745,20
https://openalex.org/W3088039827,Trace-Checking CPS Properties: Bridging the Cyber-Physical Gap,2021,https://doi.org/10.1109/icse43902.2021.00082,2009.12250,https://export.arxiv.org/e-print/2009.12250,,True,unknown,False,https://arxiv.org/pdf/2009.12250,19
https://openalex.org/W3134657515,Signal Temporal Logic Task Decomposition via Convex Optimization,2021,https://doi.org/10.1109/lcsys.2021.3090980,2103.06047,https://export.arxiv.org/e-print/2103.06047,IEEE Control Systems Letters,True,unknown,False,https://arxiv.org/pdf/2103.06047,19
https://openalex.org/W4294495167,Modeling and formal analysis of virtually synchronous cyber-physical systems in AADL,2022,https://doi.org/10.1007/s10009-022-00665-z,,,International Journal on Software Tools for Technology Transfer,False,unknown,False,,19
https://openalex.org/W4312605355,Multiple Subformulae Cooperative Control for Multiagent Systems Under Conflicting Signal Temporal Logic Tasks,2022,https://doi.org/10.1109/tie.2022.3215812,,,IEEE Transactions on Industrial Electronics,False,unknown,False,,19
https://openalex.org/W4391613508,Dynamic event‐triggered prescribed performance control for nonlinear systems with signal temporal logic,2024,https://doi.org/10.1002/rnc.7226,,,International Journal of Robust and Nonlinear Control,True,unknown,False,https://onlinelibrary.wiley.com/doi/pdfdirect/10.1002/rnc.7226,19
https://openalex.org/W4401413894,Optimal Scene Graph Planning with Large Language Model Guidance,2024,https://doi.org/10.1109/icra57147.2024.10610599,,,,True,cc-by,True,https://escholarship.org/content/qt0q94c5zp/qt0q94c5zp.pdf,19
https://openalex.org/W4223588439,A Truly Robust Signal Temporal Logic: Monitoring Safety Properties of Interacting Cyber-Physical Systems under Uncertain Observation,2022,https://doi.org/10.3390/a15040126,,,Algorithms,True,cc-by,True,https://www.mdpi.com/1999-4893/15/4/126/pdf?version=1649813619,18
https://openalex.org/W4387364760,RTAMT – Runtime Robustness Monitors with Application to CPS and Robotics,2023,https://doi.org/10.1007/s10009-023-00720-3,2501.18608,https://export.arxiv.org/e-print/2501.18608,International Journal on Software Tools for Technology Transfer,True,unknown,False,https://arxiv.org/pdf/2501.18608,18
https://openalex.org/W4391021338,Model Predictive Control for Signal Temporal Logic Specifications with Time Interval Decomposition,2023,https://doi.org/10.1109/cdc49753.2023.10383500,,,,False,unknown,False,,18
https://openalex.org/W3092082484,MoonLight: A Lightweight Tool for Monitoring Spatio-Temporal Properties,2020,https://doi.org/10.1007/978-3-030-60508-7_23,,,Lecture notes in computer science,False,unknown,False,,17
https://openalex.org/W3112287059,STSL: A Novel Spatio-Temporal Specification Language for Cyber-Physical Systems,2020,https://doi.org/10.1109/qrs51102.2020.00048,,,,False,unknown,False,,17
https://openalex.org/W3185447307,Reinforcement learning with formal performance metrics for quadcopter attitude control under non-nominal contexts,2023,https://doi.org/10.1016/j.engappai.2023.107090,,,Engineering Applications of Artificial Intelligence,True,unknown,False,https://doi.org/10.1016/j.engappai.2023.107090,17
https://openalex.org/W4221164095,Temporal Robustness of Temporal Logic Specifications: Analysis and Control Design,2022,https://doi.org/10.1145/3550072,2203.15661,https://export.arxiv.org/e-print/2203.15661,ACM Transactions on Embedded Computing Systems,True,unknown,False,https://arxiv.org/pdf/2203.15661,17
https://openalex.org/W4311273067,ARCH-COMP 2022 Category Report: Falsification with Ubounded Resources,2022,https://doi.org/10.29007/fhnk,,,EPiC series in computing,True,unknown,False,https://easychair.org/publications/open/fRB5,17
https://openalex.org/W2751570560,Quantitative Regular Expressions for Arrhythmia Detection Algorithms,2017,https://doi.org/10.1007/978-3-319-67471-1_2,,,Lecture notes in computer science,False,unknown,False,,16
https://openalex.org/W3119572193,Multiple Objective Functions for Falsification of Cyber-Physical Systems,2020,https://doi.org/10.1016/j.ifacol.2021.04.040,,,IFAC-PapersOnLine,True,unknown,False,https://doi.org/10.1016/j.ifacol.2021.04.040,16
https://openalex.org/W3206959716,FIGCPS: Effective Failure-inducing Input Generation for Cyber-Physical Systems with Deep Reinforcement Learning,2021,https://doi.org/10.1109/ase51524.2021.9678832,,,2021 36th IEEE/ACM International Conference on Automated Software Engineering (ASE),False,unknown,False,,16
https://openalex.org/W4382935854,Robust Multi-Agent Coordination from CaTL+ Specifications,2023,https://doi.org/10.23919/acc55779.2023.10156237,,,,False,unknown,False,,16
https://openalex.org/W4389666293,Real-Time RRT * with Signal Temporal Logic Preferences,2023,https://doi.org/10.1109/iros55552.2023.10341993,,,,True,other-oa,False,https://kth.diva-portal.org/smash/get/diva2:1746700/FULLTEXT02,16
https://openalex.org/W4210449004,A Temporal Logic for Programmable Logic Controllers,2021,https://doi.org/10.3103/s0146411621070038,,,Automatic Control and Computer Sciences,False,unknown,False,,15
https://openalex.org/W4212928222,Distributed model predictive control for multi‐robot systems with conflicting signal temporal logic tasks,2022,https://doi.org/10.1049/cth2.12254,,,IET Control Theory and Applications,True,cc-by-nc-nd,False,https://doi.org/10.1049/cth2.12254,15
https://openalex.org/W4225725160,Compositional Synthesis of Signal Temporal Logic Tasks via Assume-Guarantee Contracts,2022,https://doi.org/10.1109/cdc51059.2022.9992715,,,2022 IEEE 61st Conference on Decision and Control (CDC),False,unknown,False,,15
https://openalex.org/W4312931565,Higher Order Barrier Certificates for Leader–Follower Multiagent Systems,2022,https://doi.org/10.1109/tcns.2022.3211669,,,IEEE Transactions on Control of Network Systems,False,unknown,False,,15
https://openalex.org/W4405754419,Temporal Logic Disturbance Rejection Control of Nonlinear Systems Using Control Barrier Functions,2024,https://doi.org/10.1109/tcyb.2024.3515456,,,IEEE Transactions on Cybernetics,False,unknown,False,,15
https://openalex.org/W4375852066,An STL-based Approach to Resilient Control for Cyber-Physical Systems,2023,https://doi.org/10.1145/3575870.3587119,,,,True,unknown,False,https://dl.acm.org/doi/pdf/10.1145/3575870.3587119,14
https://openalex.org/W4383108582,Receding Horizon Planning with Rule Hierarchies for Autonomous Vehicles,2023,https://doi.org/10.1109/icra48891.2023.10160622,,,,False,unknown,False,,14
https://openalex.org/W4384471265,3D Environment Modeling for Falsification and Beyond with Scenic 3.0,2023,https://doi.org/10.1007/978-3-031-37706-8_13,,,Lecture notes in computer science,True,cc-by,True,https://link.springer.com/content/pdf/10.1007/978-3-031-37706-8_13.pdf,14
https://openalex.org/W4390776902,Continuous-Time Control Synthesis Under Nested Signal Temporal Logic Specifications,2024,https://doi.org/10.1109/tro.2024.3353081,,,IEEE Transactions on Robotics,False,unknown,False,,14
https://openalex.org/W4400189275,Robust Conformal Prediction for STL Runtime Verification under Distribution Shift,2024,https://doi.org/10.1109/iccps61052.2024.00022,,,,False,unknown,False,,14
https://openalex.org/W4309793424,Deep Reinforcement Learning Under Signal Temporal Logic Constraints Using Lagrangian Relaxation,2022,https://doi.org/10.1109/access.2022.3218216,2201.08504,https://export.arxiv.org/e-print/2201.08504,IEEE Access,True,cc-by,True,https://ieeexplore.ieee.org/ielx7/6287639/6514899/09933457.pdf,13
https://openalex.org/W4384573255,Monitoring Algorithmic Fairness,2023,https://doi.org/10.1007/978-3-031-37703-7_17,,,Lecture notes in computer science,True,cc-by,True,https://link.springer.com/content/pdf/10.1007/978-3-031-37703-7_17.pdf,13
https://openalex.org/W4401416934,Walking-by-Logic: Signal Temporal Logic-Guided Model Predictive Control for Bipedal Locomotion Resilient to External Perturbations,2024,https://doi.org/10.1109/icra57147.2024.10610811,,,,False,unknown,False,,13
https://openalex.org/W4413156306,"Risk-Aware Robotics: Tail Risk Measures in Planning, Control, and Verification [Focus on Education]",2025,https://doi.org/10.1109/mcs.2025.3577050,,,IEEE Control Systems,False,unknown,False,,13
https://openalex.org/W3090965641,Specification-Guided Automated Debugging of CPS Models,2020,https://doi.org/10.1109/tcad.2020.3012862,,,IEEE Transactions on Computer-Aided Design of Integrated Circuits and Systems,False,unknown,False,,12
https://openalex.org/W4296963693,Training Agents to Satisfy Timed and Untimed Signal Temporal Logic Specifications with Reinforcement Learning,2022,https://doi.org/10.1007/978-3-031-17108-6_12,,,Lecture notes in computer science,False,unknown,False,,12
https://openalex.org/W4392207915,"Enhancing Autonomous Vehicle Safety Based on Operational Design Domain Definition, Monitoring, and Functional Degradation: A Case Study on Lane Keeping System",2024,https://doi.org/10.1109/tiv.2024.3370836,,,IEEE Transactions on Intelligent Vehicles,False,unknown,False,,12
https://openalex.org/W15760131,Formal Technical Process Specification and Verification for Automated Production Systems,2014,https://doi.org/10.1007/978-3-319-11743-0_20,,,Lecture notes in computer science,True,other-oa,False,http://mediatum.ub.tum.de/node?id=1236610,11
https://openalex.org/W3109974373,"Conducting systematic, partly automated simulation studies – Unde Venis et Quo Vadis",2020,https://doi.org/10.1063/5.0026939,,,AIP conference proceedings,False,unknown,False,,11
https://openalex.org/W3188410362,Combining Genetic Programming and Model Checking to Generate Environment Assumptions,2022,https://doi.org/10.1109/tse.2021.3101818,,,Aisberg (University of Bergamo),False,public-domain,False,,11
https://openalex.org/W3210777121,Trust-aware Control for Intelligent Transportation Systems,2021,https://doi.org/10.1109/iv48863.2021.9576045,,,,False,unknown,False,,11
https://openalex.org/W4293258864,Cooperative Object Manipulation Under Signal Temporal Logic Tasks and Uncertain Dynamics,2022,https://doi.org/10.1109/lra.2022.3200760,,,IEEE Robotics and Automation Letters,True,other-oa,False,http://urn.kb.se/resolve?urn=urn:nbn:se:uu:diva-495946,11
https://openalex.org/W4306783402,Temporal logic guided safe model-based reinforcement learning: A hybrid systems approach,2022,https://doi.org/10.1016/j.nahs.2022.101295,,,Nonlinear Analysis Hybrid Systems,True,unknown,False,https://doi.org/10.1016/j.nahs.2022.101295,11
https://openalex.org/W4322706875,Multitask Synthesis of Hybrid Systems via Temporal Logic,2023,https://doi.org/10.1109/tac.2023.3250349,,,IEEE Transactions on Automatic Control,False,unknown,False,,11
https://openalex.org/W4385413358,A Signal Temporal Logic Motion Planner for Bird Diverter Installation Tasks With Multi-Robot Aerial Systems,2023,https://doi.org/10.1109/access.2023.3300240,2210.09750,https://export.arxiv.org/e-print/2210.09750,IEEE Access,True,cc-by-nc-nd,False,https://ieeexplore.ieee.org/ielx7/6287639/6514899/10197369.pdf,11
https://openalex.org/W4387225341,Runtime Monitoring of Accidents in Driving Recordings with Multi-type Logic in Empirical Models,2023,https://doi.org/10.1007/978-3-031-44267-4_21,,,Lecture notes in computer science,False,unknown,False,,11
https://openalex.org/W4392646696,Sequential control barrier functions for mobile robots with dynamic temporal logic specifications,2024,https://doi.org/10.1016/j.robot.2024.104681,,,Robotics and Autonomous Systems,False,unknown,False,,11
https://openalex.org/W4411599636,Robust-Locomotion-By-Logic: Perturbation-Resilient Bipedal Locomotion via Signal Temporal Logic Guided Model Predictive Control,2025,https://doi.org/10.1109/tro.2025.3582820,,,IEEE Transactions on Robotics,False,unknown,False,,11
https://openalex.org/W4384471438,Online Causation Monitoring of Signal Temporal Logic,2023,https://doi.org/10.1007/978-3-031-37706-8_4,,,Lecture notes in computer science,True,cc-by,True,https://link.springer.com/content/pdf/10.1007/978-3-031-37706-8_4.pdf,10
https://openalex.org/W4388557063,Mission-Time LTL (MLTL) Formula Validation via Regular Expressions,2023,https://doi.org/10.1007/978-3-031-47705-8_15,,,Lecture notes in computer science,False,unknown,False,,10
https://openalex.org/W4389337998,Statistical Verification using Surrogate Models and Conformal Inference and a Comparison with Risk-Aware Verification,2023,https://doi.org/10.1145/3635160,,,ACM Transactions on Cyber-Physical Systems,True,cc-by,True,https://dl.acm.org/doi/pdf/10.1145/3635160,10
https://openalex.org/W4390204171,Simulation-Based Testing of Simulink Models With Test Sequence and Test Assessment Blocks,2023,https://doi.org/10.1109/tse.2023.3343753,,,IEEE Transactions on Software Engineering,False,unknown,False,,10
https://openalex.org/W4405182083,SpecGuard: Specification Aware Recovery for Robotic Autonomous Vehicles from Physical Attacks,2024,https://doi.org/10.1145/3658644.3690210,2408.15200,https://export.arxiv.org/e-print/2408.15200,,True,cc-by,True,http://arxiv.org/pdf/2408.15200,10
https://openalex.org/W4408970585,STLCCP: Efficient Convex Optimization-Based Framework for Signal Temporal Logic Specifications,2025,https://doi.org/10.1109/tac.2025.3555949,2305.09441,https://export.arxiv.org/e-print/2305.09441,IEEE Transactions on Automatic Control,True,cc-by,True,https://doi.org/10.1109/tac.2025.3555949,9
https://openalex.org/W4391020489,Efficient STL Control Synthesis Under Asynchronous Temporal Robustness Constraints,2023,https://doi.org/10.1109/cdc49753.2023.10384038,,,,False,unknown,False,,8
https://openalex.org/W4400946475,CBF-Based Motion Planning for Socially Responsible Robot Navigation Guaranteeing STL Specification *,2024,https://doi.org/10.23919/ecc64448.2024.10591282,,,,False,unknown,False,,8
https://openalex.org/W4407307528,HPRS: hierarchical potential-based reward shaping from task specifications,2025,https://doi.org/10.3389/frobt.2024.1444188,,,Frontiers in Robotics and AI,True,cc-by,True,https://doi.org/10.3389/frobt.2024.1444188,8
https://openalex.org/W4408610548,A Comprehensive Survey on Driving Compliance Assessment Methodologies for Autonomous Vehicles,2025,https://doi.org/10.1109/mits.2025.3548869,,,IEEE Intelligent Transportation Systems Magazine,False,unknown,False,,8
https://openalex.org/W4413925878,CaStL: Constraints as Specifications Through Llm Translation for Long-Horizon Task and Motion Planning,2025,https://doi.org/10.1109/icra55743.2025.11127555,,,,False,unknown,False,,8
https://openalex.org/W4396242027,"Planning for heterogeneous teams of robots with temporal logic, capability, and resource constraints",2024,https://doi.org/10.1177/02783649241247285,,,The International Journal of Robotics Research,False,unknown,False,,7
https://openalex.org/W4409640588,Resilient Online Planning for Mobile Robots With Minimal Relaxation of Signal Temporal Logic Specifications,2025,https://doi.org/10.1109/lra.2025.3563119,,,IEEE Robotics and Automation Letters,False,unknown,False,,7
https://openalex.org/W4411336630,Approximation-Free Control for Signal Temporal Logic Specifications Using Spatiotemporal Tubes,2025,https://doi.org/10.1109/lcsys.2025.3579761,2505.05323,https://export.arxiv.org/e-print/2505.05323,IEEE Control Systems Letters,True,unknown,False,https://arxiv.org/pdf/2505.05323,7
https://openalex.org/W4391547823,Distributed MPC With Continuous-Time STL Constraint Satisfaction Guarantees,2024,https://doi.org/10.1109/lcsys.2024.3361971,,,IEEE Control Systems Letters,True,other-oa,False,https://kth.diva-portal.org/smash/get/diva2:1845516/FULLTEXT01,6
https://openalex.org/W4393300573,Temporal Logic Formalisation of ISO 34502 Critical Scenarios: Modular Construction with the RSS Safety Distance,2024,https://doi.org/10.1145/3605098.3636014,2403.18764,https://export.arxiv.org/e-print/2403.18764,,True,cc-by,True,https://doi.org/10.1145/3605098.3636014,6
https://openalex.org/W4401634058,Diverse Controllable Diffusion Policy With Signal Temporal Logic,2024,https://doi.org/10.1109/lra.2024.3444668,2503.02924,https://export.arxiv.org/e-print/2503.02924,IEEE Robotics and Automation Letters,True,unknown,False,https://arxiv.org/pdf/2503.02924,6
https://openalex.org/W4407414165,Sequential Convex Programming for 6-DoF Powered Descent Guidance With Continuous-time Compound State-Triggered Constraints,2025,https://doi.org/10.2514/6.2025-1895,,,,False,unknown,False,,6
https://openalex.org/W4410711494,Symbolic and hybrid AI for brain tissue segmentation using spatial model checking,2025,https://doi.org/10.1016/j.artmed.2025.103154,,,Artificial Intelligence in Medicine,True,cc-by,True,https://doi.org/10.1016/j.artmed.2025.103154,6
https://openalex.org/W4400646411,Model Predictive Control with Variational Autoencoders for Signal Temporal Logic Specifications,2024,https://doi.org/10.3390/s24144567,,,Sensors,True,cc-by,True,https://www.mdpi.com/1424-8220/24/14/4567/pdf?version=1721212332,4
https://openalex.org/W4412877009,Learning Reliable and Intuitive Temporal Logic Rules for Interpretable Time Series Classification,2025,https://doi.org/10.1145/3711896.3737022,,,,True,cc-by,True,https://dl.acm.org/doi/pdf/10.1145/3711896.3737022,4
https://openalex.org/W4415933783,BSTL: Bayesian STL for Predictive Edge Service Monitoring With Probabilistic Guarantee,2025,https://doi.org/10.1109/tsc.2025.3629323,,,IEEE Transactions on Services Computing,True,cc-by,True,https://hal.science/hal-05641782,4
https://openalex.org/W2128952742,Robust Sampling for MITL Specifications,2007,https://doi.org/10.1007/978-3-540-75454-1_12,,,Lecture notes in computer science,False,unknown,False,,39
https://openalex.org/W2595217965,Formal Methods for Control of Traffic Flow: Automated Control Synthesis from Finite-State Transition Models,2017,https://doi.org/10.1109/mcs.2016.2643259,,,IEEE Control Systems,False,unknown,False,,39
https://openalex.org/W2616554232,Logical Clustering and Learning for Time-Series Data,2017,https://doi.org/10.1007/978-3-319-63387-9_15,,,Lecture notes in computer science,False,unknown,False,,37
https://openalex.org/W2787690666,An Algebraic Framework for Runtime Verification,2018,https://doi.org/10.1109/tcad.2018.2858460,1802.03775,https://export.arxiv.org/e-print/1802.03775,IEEE Transactions on Computer-Aided Design of Integrated Circuits and Systems,True,unknown,False,https://arxiv.org/pdf/1802.03775,32
https://openalex.org/W2900065648,Evaluating Perception Systems for Autonomous Vehicles Using Quality Temporal Logic,2018,https://doi.org/10.1007/978-3-030-03769-7_23,,,Lecture notes in computer science,False,unknown,False,,32
https://openalex.org/W2752563773,TeLEx: Passive STL Learning Using Only Positive Examples,2017,https://doi.org/10.1007/978-3-319-67531-2_13,,,Lecture notes in computer science,False,unknown,False,,31
https://openalex.org/W37827039,Towards Assertion Based Verification of Analog and Mixed Signal Designs Using PSL.,2007,,,,,False,unknown,False,,31
https://openalex.org/W2002900603,System Level Formal Verification via Distributed Multi-core Hardware in the Loop Simulation,2014,https://doi.org/10.1109/pdp.2014.32,,,,False,unknown,False,,30
https://openalex.org/W3003759476,Specifying and Synthesizing Human-Robot Handovers,2019,https://doi.org/10.1109/iros40897.2019.8967709,,,,False,unknown,False,,29
https://openalex.org/W4252356254,Requirements driven falsification with coverage metrics,2015,https://doi.org/10.1109/emsoft.2015.7318257,,,,False,unknown,False,,29
https://openalex.org/W1978520001,Anytime System Level Verification via Random Exhaustive Hardware in the Loop Simulation,2014,https://doi.org/10.1109/dsd.2014.91,,,,False,unknown,False,,28
https://openalex.org/W2051874670,Instrumenting AMS assertion verification on commercial platforms,2009,https://doi.org/10.1145/1497561.1497564,,,ACM Transactions on Design Automation of Electronic Systems,False,unknown,False,,28
https://openalex.org/W2911738095,Stochastic Assume-Guarantee Contracts for Cyber-Physical System Design,2019,https://doi.org/10.1145/3243216,,,ACM Transactions on Embedded Computing Systems,False,unknown,False,,28
https://openalex.org/W2987585208,Shield Synthesis for Real: Enforcing Safety in Cyber-Physical Systems,2019,https://doi.org/10.23919/fmcad.2019.8894264,,,,False,unknown,False,,27
https://openalex.org/W2340973907,U-Check: Model Checking and Parameter Synthesis Under Uncertainty,2015,https://doi.org/10.1007/978-3-319-22264-6_6,,,Lecture notes in computer science,True,other-oa,False,https://arts.units.it/bitstream/11368/2860881/1/QEST2015.pdf,26
https://openalex.org/W2912250739,Enforcing Signal Temporal Logic Specifications in Multi-Agent Adversarial Environments: A Deep Q-Learning Approach,2018,https://doi.org/10.1109/cdc.2018.8618746,,,,False,unknown,False,,26
https://openalex.org/W2914604188,Artifact-Based Workflows for Supporting Simulation Studies,2019,https://doi.org/10.1109/tkde.2019.2899840,,,IEEE Transactions on Knowledge and Data Engineering,False,unknown,False,,26
https://openalex.org/W2946458591,Specifying and Evaluating Quality Metrics for Vision-based Perception Systems,2019,https://doi.org/10.23919/date.2019.8715114,,,,False,unknown,False,,26
https://openalex.org/W2495930261,Reusing simulation experiment specifications to support developing models by successive extension,2016,https://doi.org/10.1016/j.simpat.2016.07.006,,,Simulation Modelling Practice and Theory,False,unknown,False,,25
https://openalex.org/W2549252265,Model-Based Testing of Cyber-Physical Systems,2016,https://doi.org/10.1016/b978-0-12-803801-7.00019-5,,,Elsevier eBooks,False,unknown,False,,25
https://openalex.org/W2735478446,Shrinking Horizon Model Predictive Control with chance-constrained signal temporal logic specifications,2017,https://doi.org/10.23919/acc.2017.7963204,,,,False,unknown,False,,25
https://openalex.org/W2944759097,Formal Techniques for Verification and Testing of Cyber-Physical Systems,2019,https://doi.org/10.1007/978-3-030-13050-3_4,,,Springer eBooks,False,unknown,False,,25
https://openalex.org/W2593263671,Algorithms for monitoring real-time properties,2017,https://doi.org/10.1007/s00236-017-0295-4,,,Acta Informatica,False,unknown,False,,24
https://openalex.org/W2735835737,Stochastic predictive freeway ramp metering from Signal Temporal Logic specifications,2017,https://doi.org/10.23919/acc.2017.7963711,,,,True,unknown,False,https://escholarship.org/content/qt68n527zs/qt68n527zs.pdf,24
https://openalex.org/W2972234768,Average-based Robustness for Continuous-Time Signal Temporal Logic,2019,https://doi.org/10.1109/cdc40024.2019.9029989,1909.00898,https://export.arxiv.org/e-print/1909.00898,,True,unknown,False,https://arxiv.org/pdf/1909.00898,24
https://openalex.org/W3103773816,Formal synthesis of control strategies for positive monotone systems,2017,,,,OpenBU (Boston University),False,unknown,False,,24
https://openalex.org/W2084777069,Analog property checkers: a DDR2 case study,2009,https://doi.org/10.1007/s10703-009-0085-x,,,Formal Methods in System Design,True,unknown,False,http://infoscience.epfl.ch/record/172632,23
https://openalex.org/W2979818850,Worst-case Satisfaction of STL Specifications Using Feedforward Neural Network Controllers,2019,https://doi.org/10.1145/3358239,,,ACM Transactions on Embedded Computing Systems,True,unknown,False,https://dl.acm.org/doi/pdf/10.1145/3358239,23
https://openalex.org/W3014271926,Control Barrier Functions for Nonholonomic Systems under Risk Signal Temporal Logic Specifications,2020,https://doi.org/10.1109/cdc42340.2020.9304056,2004.02111,https://export.arxiv.org/e-print/2004.02111,,True,unknown,False,https://arxiv.org/pdf/2004.02111,23
https://openalex.org/W1822842849,In the quantitative automata zoo,2015,https://doi.org/10.1016/j.scico.2015.08.009,,,Science of Computer Programming,True,unknown,False,https://doi.org/10.1016/j.scico.2015.08.009,22
https://openalex.org/W2248858308,Anytime system level verification via parallel random exhaustive hardware in the loop simulation,2016,https://doi.org/10.1016/j.micpro.2015.10.010,,,Microprocessors and Microsystems,True,other-oa,False,http://hdl.handle.net/11573/864155,22
https://openalex.org/W2343845377,Feature Indented Assertions for Analog and Mixed-Signal Validation,2016,https://doi.org/10.1109/tcad.2016.2525798,,,IEEE Transactions on Computer-Aided Design of Integrated Circuits and Systems,False,unknown,False,,22
https://openalex.org/W2783370231,Grid-based temporal logic inference,2017,https://doi.org/10.1109/cdc.2017.8264452,,,,False,unknown,False,,22
https://openalex.org/W2808791761,Runtime monitoring for safety of intelligent vehicles,2018,https://doi.org/10.1145/3195970.3199856,,,,False,unknown,False,,22
https://openalex.org/W2892110232,Learning-Based Model Predictive Control Under Signal Temporal Logic Specifications,2018,https://doi.org/10.1109/icra.2018.8460811,,,,False,unknown,False,,22
https://openalex.org/W2945959809,From Real-time Logic to Timed Automata,2019,https://doi.org/10.1145/3286976,,,Journal of the ACM,False,unknown,False,,22
https://openalex.org/W3006591793,TiLA: Twin-in-the-Loop Architecture for Cyber-Physical Production Systems,2019,https://doi.org/10.1109/iccd46524.2019.00019,2003.09370,https://export.arxiv.org/e-print/2003.09370,,True,unknown,False,https://arxiv.org/pdf/2003.09370,22
https://openalex.org/W2006538664,STL-based Analysis of TRAIL-induced Apoptosis Challenges the Notion of Type I/Type II Cell Line Classification,2013,https://doi.org/10.1371/journal.pcbi.1003056,,,PLoS Computational Biology,True,cc-by,True,https://journals.plos.org/ploscompbiol/article/file?id=10.1371/journal.pcbi.1003056&type=printable,21
https://openalex.org/W2418520011,Sapo,2017,https://doi.org/10.1145/3049797.3049824,,,,False,unknown,False,,21
https://openalex.org/W3031140285,Control Design for Risk-Based Signal Temporal Logic Specifications,2020,https://doi.org/10.1109/lcsys.2020.2998543,2006.00317,https://export.arxiv.org/e-print/2006.00317,IEEE Control Systems Letters,True,unknown,False,https://arxiv.org/pdf/2006.00317,21
https://openalex.org/W3205467518,Continuous Optimization-Based Task and Motion Planning with Signal Temporal Logic Specifications for Sequential Manipulation,2021,https://doi.org/10.1109/icra48506.2021.9561209,,,,False,unknown,False,,21
https://openalex.org/W2062917871,Runtime Monitoring for Cyber-physical Systems: A Case Study of Cooperative Adaptive Cruise Control,2012,https://doi.org/10.1109/isdea.2012.592,,,,False,unknown,False,,20
https://openalex.org/W2549790574,Formal Requirement Debugging for Testing and Verification of Cyber-Physical Systems,2017,https://doi.org/10.1145/3147451,1607.02549,https://export.arxiv.org/e-print/1607.02549,ACM Transactions on Embedded Computing Systems,True,unknown,False,https://www.arxiv.org/abs/1607.02549,20
https://openalex.org/W2740714272,On the Quantitative Semantics of Regular Expressions over Real-Valued Signals,2017,https://doi.org/10.1007/978-3-319-65765-3_11,,,Lecture notes in computer science,True,other-oa,False,https://hal.science/hal-01552132,20
https://openalex.org/W2758992328,Timestamp Temporal Logic (TTL) for Testing the Timing of Cyber-Physical Systems,2017,https://doi.org/10.1145/3126510,,,ACM Transactions on Embedded Computing Systems,True,unknown,False,https://dl.acm.org/doi/pdf/10.1145/3126510,20
https://openalex.org/W1544649343,Simulation-guided approaches for verification of automotive powertrain control systems,2015,https://doi.org/10.1109/acc.2015.7171968,,,,False,unknown,False,,19
https://openalex.org/W2607361017,Abnormal Data Classification Using Time-Frequency Temporal Logic,2017,https://doi.org/10.1145/3049797.3049809,,,,False,unknown,False,,19
https://openalex.org/W2899959124,Efficient Monitoring of Real Driving Emissions,2018,https://doi.org/10.1007/978-3-030-03769-7_17,,,Lecture notes in computer science,True,unknown,False,https://doi.org/10.22028/d291-48230,19
https://openalex.org/W2971273347,Backpropagation for Parametric STL,2019,https://doi.org/10.1109/ivs.2019.8814167,,,,False,unknown,False,,19
https://openalex.org/W3047043794,AMT 2.0: qualitative and quantitative trace analysis with extended signal temporal logic,2020,https://doi.org/10.1007/s10009-020-00582-z,,,International Journal on Software Tools for Technology Transfer,False,unknown,False,,19
https://openalex.org/W3195926713,Rational verification: game-theoretic verification of multi-agent systems,2021,https://doi.org/10.1007/s10489-021-02658-y,,,Applied Intelligence,True,cc-by,True,https://link.springer.com/content/pdf/10.1007/s10489-021-02658-y.pdf,19
https://openalex.org/W2021166676,Robustness Analysis for Value-Freezing Signal Temporal Logic,2013,https://doi.org/10.4204/eptcs.125.2,1309.0867,https://export.arxiv.org/e-print/1309.0867,Electronic Proceedings in Theoretical Computer Science,True,cc-by-nc-nd,False,https://doi.org/10.4204/eptcs.125.2,17
https://openalex.org/W2735488281,Hybrid approximate gradient and stochastic descent for falsification of nonlinear systems,2017,https://doi.org/10.23919/acc.2017.7963007,,,,False,unknown,False,,17
https://openalex.org/W2782623022,Vacuity aware falsification for MTL request-response specifications,2017,https://doi.org/10.1109/coase.2017.8256286,,,,False,unknown,False,,17
https://openalex.org/W2810456003,Streamlining Simulation Experiments with Agent-Based Models in Demography,2018,https://doi.org/10.18564/jasss.3784,,,Journal of Artificial Societies and Social Simulation,True,cc-by,True,http://jasss.soc.surrey.ac.uk/21/3/9/9.pdf,17
https://openalex.org/W3141118763,STL Robustness Risk over Discrete-Time Stochastic Processes,2021,https://doi.org/10.1109/cdc45484.2021.9683305,,,2021 60th IEEE Conference on Decision and Control (CDC),False,unknown,False,,17
https://openalex.org/W2001091950,Contract-based design of control protocols for safety-critical cyber-physical systems,2014,https://doi.org/10.5555/2616606.2616678,,,"Design, Automation, and Test in Europe",False,unknown,False,,16
https://openalex.org/W2059921766,Automated generation of hybrid system models for reachability analysis of nonlinear analog circuits,2015,https://doi.org/10.1109/aspdac.2015.7059096,,,,True,other-oa,False,https://mediatum.ub.tum.de/1280420,16
https://openalex.org/W2061456040,A fuzzy real-time temporal logic,2013,https://doi.org/10.1016/j.ijar.2013.06.004,,,International Journal of Approximate Reasoning,True,unknown,False,https://www.sciencedirect.com/science/article/pii/S0888613X1300131X/pdf,16
https://openalex.org/W2296694987,Studying Emergent Behaviours in Morphogenesis Using Signal Spatio-Temporal Logic,2015,https://doi.org/10.1007/978-3-319-26916-0_9,,,Lecture notes in computer science,True,other-oa,False,http://hdl.handle.net/11368/2860803,16
https://openalex.org/W2522351640,Some Thoughts on Runtime Verification,2016,https://doi.org/10.1007/978-3-319-46982-9_1,,,Lecture notes in computer science,False,unknown,False,,16
https://openalex.org/W2951696432,Formal Synthesis of Control Strategies for Positive Monotone Systems,2018,https://doi.org/10.1109/tac.2018.2814631,1702.08501,https://export.arxiv.org/e-print/1702.08501,IEEE Transactions on Automatic Control,True,unknown,False,https://arxiv.org/pdf/1702.08501,16
https://openalex.org/W2968046468,Integrated Motion Planning and Control Under Metric Interval Temporal Logic Specifications,2019,https://doi.org/10.23919/ecc.2019.8795925,,,,False,unknown,False,,16
https://openalex.org/W3161433433,Distributed safe planning for satisfying minimal temporal relaxations of TWTL specifications,2021,https://doi.org/10.1016/j.robot.2021.103801,,,Robotics and Autonomous Systems,False,unknown,False,,16
https://openalex.org/W3176015044,Data-driven verification of stochastic linear systems with signal temporal logic constraints,2021,https://doi.org/10.1016/j.automatica.2021.109781,,,Automatica,False,unknown,False,,16
https://openalex.org/W3213835076,Mining Road Traffic Rules with Signal Temporal Logic and Grammar-Based Genetic Programming,2021,https://doi.org/10.3390/app112210573,,,Applied Sciences,True,cc-by,True,https://www.mdpi.com/2076-3417/11/22/10573/pdf?version=1636541586,16
https://openalex.org/W4315488730,Temporal Relaxation of Signal Temporal Logic Specifications for Resilient Control Synthesis,2022,https://doi.org/10.1109/cdc51059.2022.9992914,,,2022 IEEE 61st Conference on Decision and Control (CDC),False,unknown,False,,16
https://openalex.org/W4387735129,ARCH-COMP23 Category Report: Falsification,2023,https://doi.org/10.29007/6nqs,,,EPiC series in computing,True,unknown,False,https://easychair.org/publications/open/wFh9,16
https://openalex.org/W2570855918,Active learning based requirement mining for cyber-physical systems,2016,https://doi.org/10.1109/cdc.2016.7798967,,,,False,unknown,False,,15
https://openalex.org/W2573662064,Planning in Dynamic Environments Through Temporal Logic Monitoring,2016,,,,National Conference on Artificial Intelligence,False,unknown,False,,15
https://openalex.org/W2606169621,Reusing simulation experiment specifications in developing models by successive composition — a case study of the Wnt/ β -catenin signaling pathway,2017,https://doi.org/10.1177/0037549717704314,,,SIMULATION,True,unknown,False,https://journals.sagepub.com/doi/pdf/10.1177/0037549717704314,15
https://openalex.org/W2949158150,"Models, Devices, Properties, and Verification of Artificial Pancreas Systems",2019,https://doi.org/10.1007/978-3-030-17297-8_4,,,Computational biology,False,unknown,False,,15
https://openalex.org/W2962825546,Semantic Adversarial Deep Learning,2020,https://doi.org/10.1109/mdat.2020.2968274,,,IEEE Design and Test,False,unknown,False,,15
https://openalex.org/W3023279500,Signal Temporal Logic Meets Reachability: Connections and Applications,2020,https://doi.org/10.1007/978-3-030-44051-0_34,,,Springer proceedings in advanced robotics,False,unknown,False,,15
https://openalex.org/W3168961576,Formal Specification and Analysis of Spacecraft Collision Avoidance Run Time Assurance Requirements,2021,https://doi.org/10.1109/aero50100.2021.9438135,,,,False,unknown,False,,15
https://openalex.org/W4200013840,Learning optimal decisions for stochastic hybrid systems,2021,https://doi.org/10.1145/3487212.3487339,,,,True,cc-by,True,https://dl.acm.org/doi/pdf/10.1145/3487212.3487339,15
https://openalex.org/W4206827621,Barrier Function-based Model Predictive Control under Signal Temporal Logic Specifications,2021,https://doi.org/10.23919/ecc54610.2021.9655231,,,2021 European Control Conference (ECC),True,other-oa,False,http://urn.kb.se/resolve?urn=urn:nbn:se:kth:diva-309448,15
https://openalex.org/W2260421414,A provably correct MPC approach to safety control of urban traffic networks,2016,https://doi.org/10.1109/acc.2016.7525158,,,,False,unknown,False,,14
https://openalex.org/W2788693738,Time-Series Learning Using Monotonic Logical Properties,2018,https://doi.org/10.1007/978-3-030-03769-7_22,1802.08924,https://export.arxiv.org/e-print/1802.08924,Lecture notes in computer science,True,unknown,False,https://arxiv.org/pdf/1802.08924,14
https://openalex.org/W3037797276,Learning-to-Fly: Learning-based Collision Avoidance for Scalable Urban Air Mobility,2020,https://doi.org/10.1109/itsc45102.2020.9294425,2006.13267,https://export.arxiv.org/e-print/2006.13267,,True,unknown,False,https://arxiv.org/pdf/2006.13267,14
https://openalex.org/W4210258883,Online Motion Planning With Soft Metric Interval Temporal Logic in Unknown Dynamic Environment,2022,https://doi.org/10.1109/lcsys.2022.3145058,2110.09007,https://export.arxiv.org/e-print/2110.09007,IEEE Control Systems Letters,True,unknown,False,https://arxiv.org/pdf/2110.09007,14
https://openalex.org/W4286364676,Event-Based Signal Temporal Logic Tasks: Execution and Feedback in Complex Environments,2022,https://doi.org/10.1109/lra.2022.3192625,,,IEEE Robotics and Automation Letters,False,unknown,False,,14
https://openalex.org/W2522763703,Parallel SMT-Based Parameter Synthesis with Application to Piecewise Multi-affine Systems,2016,https://doi.org/10.1007/978-3-319-46520-3_13,,,Lecture notes in computer science,False,unknown,False,,13
https://openalex.org/W2773814846,Underminer,2017,https://doi.org/10.1145/3122787,,,ACM Transactions on Embedded Computing Systems,False,unknown,False,,13
https://openalex.org/W2886037486,Metrics for Signal Temporal Logic Formulae,2018,https://doi.org/10.1109/cdc.2018.8619541,,,,False,unknown,False,,13
https://openalex.org/W2955554811,On Expressing and Monitoring Oscillatory Dynamics,2012,https://doi.org/10.4204/eptcs.92.6,1208.3853,https://export.arxiv.org/e-print/1208.3853,Electronic Proceedings in Theoretical Computer Science,True,cc-by-nc-nd,False,https://doi.org/10.4204/eptcs.92.6,13
https://openalex.org/W2978500837,Shape Expressions for Specifying and Extracting Signal Features,2019,https://doi.org/10.1007/978-3-030-32079-9_17,,,Lecture notes in computer science,False,unknown,False,,13
https://openalex.org/W4205400362,"Composition of Languages, Models, and Analyses",2021,https://doi.org/10.1007/978-3-030-81915-6_4,,,Springer eBooks,False,unknown,False,,13
https://openalex.org/W4285613368,Distributed Consensus-Based Online Monitoring of Robot Swarms With Temporal Logic Specifications,2022,https://doi.org/10.1109/lra.2022.3191236,,,IEEE Robotics and Automation Letters,False,unknown,False,,13
https://openalex.org/W4289829741,Evolution of Safety in Marine Systems: From System-Theoretic Process Analysis to Automated Test Scenario Generation,2022,https://doi.org/10.1088/1742-6596/2311/1/012016,,,Journal of Physics Conference Series,True,cc-by,True,https://iopscience.iop.org/article/10.1088/1742-6596/2311/1/012016/pdf,13
https://openalex.org/W4293399553,An STL-Based Formulation of Resilience in Cyber-Physical Systems,2022,https://doi.org/10.1007/978-3-031-15839-1_7,,,Lecture notes in computer science,True,other-oa,False,https://kclpure.kcl.ac.uk/portal/en/publications/60b715a0-23c8-420a-bef2-25c98a374c37,13
https://openalex.org/W12397325,Smart Buildings in the Smart Grid: Contract-Based Design of an Integrated Energy Management System,2015,https://doi.org/10.1007/978-3-662-45928-7_5,,,Power systems,False,unknown,False,,12
https://openalex.org/W2806088716,Signal Convolution Logic,2018,https://doi.org/10.1007/978-3-030-01090-4_16,,,Lecture notes in computer science,True,other-oa,False,https://arts.units.it/bitstream/11368/2931408/1/Silvetti%20et%20al_2018_Signal%20Convolution%20Logic.pdf,12
https://openalex.org/W3101270510,Runtime Verification over Out-of-order Streams,2019,https://doi.org/10.1145/3355609,1909.11593,https://export.arxiv.org/e-print/1909.11593,ACM Transactions on Computational Logic,True,unknown,False,https://arxiv.org/pdf/1909.11593,12
https://openalex.org/W3113931146,Conformance Relations and Hyperproperties for Doping Detection in Time and Space,2022,https://doi.org/10.46298/lmcs-18(1:14)2022,2012.03910,https://export.arxiv.org/e-print/2012.03910,Logical Methods in Computer Science,True,cc-by,True,https://lmcs.episciences.org/8974/pdf,12
https://openalex.org/W3116011259,Interpretable Policies from Formally-Specified Temporal Properties,2020,https://doi.org/10.1109/itsc45102.2020.9294442,,,,False,unknown,False,,12
https://openalex.org/W4225515613,Runtime Monitoring of Time Window Temporal Logic,2022,https://doi.org/10.1109/lra.2022.3160592,,,IEEE Robotics and Automation Letters,False,unknown,False,,12
https://openalex.org/W4294691739,Semi-Supervised Trajectory-Feedback Controller Synthesis for Signal Temporal Logic Specifications,2022,https://doi.org/10.23919/acc53348.2022.9867345,,,2022 American Control Conference (ACC),False,unknown,False,,12
https://openalex.org/W4382936130,Learning Signal Temporal Logic through Neural Network for Interpretable Classification,2023,https://doi.org/10.23919/acc55779.2023.10156357,,,,False,unknown,False,,12
https://openalex.org/W4390604995,Predictive Monitoring against Pattern Regular Languages,2024,https://doi.org/10.1145/3632915,2310.14611,https://export.arxiv.org/e-print/2310.14611,Proceedings of the ACM on Programming Languages,True,cc-by-nc,False,https://dl.acm.org/doi/pdf/10.1145/3632915,12
https://openalex.org/W2130025530,Considering Signal Constraints in Search-Based Testing of Continuous Systems,2010,https://doi.org/10.1109/icstw.2010.22,,,,False,unknown,False,,11
https://openalex.org/W2980480093,Enhancing Temporal Logic Falsification With Specification Transformation and Valued Booleans,2020,https://doi.org/10.1109/tcad.2020.2966480,1910.08306,https://export.arxiv.org/e-print/1910.08306,IEEE Transactions on Computer-Aided Design of Integrated Circuits and Systems,True,unknown,False,https://arxiv.org/pdf/1910.08306,11
https://openalex.org/W3131101596,Model-bounded Monitoring of Hybrid Systems,2022,https://doi.org/10.1145/3529095,2102.07401,https://export.arxiv.org/e-print/2102.07401,ACM Transactions on Cyber-Physical Systems,True,unknown,False,https://arxiv.org/pdf/2102.07401,11
https://openalex.org/W3185432324,Recurrent Neural Network Controllers for Signal Temporal Logic Specifications Subject to Safety Constraints,2021,https://doi.org/10.23919/acc50511.2021.9482725,,,,False,unknown,False,,11
https://openalex.org/W4293243668,Online Reset for Signal Temporal Logic Monitoring,2022,https://doi.org/10.1109/tcad.2022.3197693,,,IEEE Transactions on Computer-Aided Design of Integrated Circuits and Systems,False,unknown,False,,11
https://openalex.org/W4386766398,"Physically Feasible Repair of Reactive, Linear Temporal Logic-Based, High-Level Tasks",2023,https://doi.org/10.1109/tro.2023.3304009,,,IEEE Transactions on Robotics,False,unknown,False,,11
https://openalex.org/W28582905,Assertion-Based Monitoring in Practice – Checking Correctness of an Automotive Sensor Interface,2014,https://doi.org/10.1007/978-3-319-10702-8_2,,,Lecture notes in computer science,False,unknown,False,,10
https://openalex.org/W4206840125,Probabilistic Coordination of Heterogeneous Teams From Capability Temporal Logic Specifications,2021,https://doi.org/10.1109/lra.2021.3138766,,,IEEE Robotics and Automation Letters,False,unknown,False,,10
https://openalex.org/W4226341073,MaxSAT-based temporal logic inference from noisy data,2022,https://doi.org/10.1007/s11334-022-00444-8,,,Innovations in Systems and Software Engineering,False,unknown,False,,10
https://openalex.org/W4282549856,Falsification of Multiple Requirements for Cyber-Physical Systems Using Online Generative Adversarial Networks and Multi-Armed Bandits,2022,https://doi.org/10.1109/icstw55395.2022.00018,,,,False,unknown,False,,10
https://openalex.org/W4285275174,ASTL: Accumulative STL With a Novel Robustness Metric for IoT Service Monitoring,2022,https://doi.org/10.1109/tmc.2022.3179290,,,IEEE Transactions on Mobile Computing,False,unknown,False,,10
https://openalex.org/W4293243612,Energy-Efficient DNN Inference on Approximate Accelerators Through Formal Property Exploration,2022,https://doi.org/10.1109/tcad.2022.3197522,,,IEEE Transactions on Computer-Aided Design of Integrated Circuits and Systems,False,unknown,False,,10
https://openalex.org/W4312982226,Formally Verified Self-adaptation of an Incubator Digital Twin,2022,https://doi.org/10.1007/978-3-031-19762-8_7,,,Lecture notes in computer science,False,unknown,False,,10
https://openalex.org/W3127170972,"PDF: Path-Oriented, Derivative-Free Approach for Safety Falsification of Nonlinear and Nondeterministic CPS",2021,https://doi.org/10.1109/tcad.2021.3056360,,,IEEE Transactions on Computer-Aided Design of Integrated Circuits and Systems,False,unknown,False,,9
https://openalex.org/W3135453974,Fixed-Time Convergent Control Barrier Functions for Coupled Multi-Agent Systems Under STL Tasks,2021,https://doi.org/10.23919/ecc54610.2021.9655029,,,2021 European Control Conference (ECC),True,other-oa,False,http://urn.kb.se/resolve?urn=urn:nbn:se:kth:diva-311034,9
https://openalex.org/W4311443203,Partial Satisfaction of Signal Temporal Logic Specifications for Coordination of Multi-robot Systems,2022,https://doi.org/10.1007/978-3-031-21090-7_14,,,Springer proceedings in advanced robotics,False,unknown,False,,9
https://openalex.org/W4383109325,Follow The Rules: Online Signal Temporal Logic Tree Search for Guided Imitation Learning in Stochastic Domains,2023,https://doi.org/10.1109/icra48891.2023.10160953,,,,False,unknown,False,,9
https://openalex.org/W4389610038,Funnel-Based Reward Shaping for Signal Temporal Logic Tasks in Reinforcement Learning,2023,https://doi.org/10.1109/lra.2023.3341775,,,IEEE Robotics and Automation Letters,False,unknown,False,,9
https://openalex.org/W4390939857,CSTL: Compositional Signal Temporal Logic for Adaptive Edge Service Monitoring,2024,https://doi.org/10.1109/tsc.2024.3355133,,,IEEE Transactions on Services Computing,True,cc-by-nc-nd,False,https://hal.science/hal-04933953,9
https://openalex.org/W4393930628,Software doping analysis for human oversight,2024,https://doi.org/10.1007/s10703-024-00445-2,,,Formal Methods in System Design,True,cc-by,True,https://link.springer.com/content/pdf/10.1007/s10703-024-00445-2.pdf,9
https://openalex.org/W4400032784,Fast Motion Planning in Dynamic Environments With Extended Predicate-Based Temporal Logic,2024,https://doi.org/10.1109/tase.2024.3418409,,,IEEE Transactions on Automation Science and Engineering,False,unknown,False,,9
https://openalex.org/W4225558829,Learning Model Checking and the Kernel Trick for Signal Temporal Logic on Stochastic Processes,2022,https://doi.org/10.1007/978-3-030-99524-9_15,,,Lecture notes in computer science,True,cc-by,True,https://doi.org/10.1007/978-3-030-99524-9_15,8
https://openalex.org/W4290855579,Differentiable Inference of Temporal Logic Formulas,2022,https://doi.org/10.1109/tcad.2022.3197506,2208.05440,https://export.arxiv.org/e-print/2208.05440,IEEE Transactions on Computer-Aided Design of Integrated Circuits and Systems,True,unknown,False,https://arxiv.org/pdf/2208.05440,8
https://openalex.org/W4378418586,Property-Based Mutation Testing,2023,https://doi.org/10.1109/icst57152.2023.00029,,,,False,unknown,False,,8
https://openalex.org/W4385286552,Optimizing Highly-Parallel Simulation-Based Verification of Cyber-Physical Systems,2023,https://doi.org/10.1109/tse.2023.3298432,2307.15383,https://export.arxiv.org/e-print/2307.15383,IEEE Transactions on Software Engineering,True,cc-by-nc-nd,False,https://ieeexplore.ieee.org/ielx7/32/10255132/10195878.pdf,8
https://openalex.org/W4389938907,Online control synthesis for uncertain systems under signal temporal logic specifications,2023,https://doi.org/10.1177/02783649231212572,,,The International Journal of Robotics Research,True,cc-by,True,https://doi.org/10.1177/02783649231212572,8
https://openalex.org/W4393224642,"Recovery from Adversarial Attacks in Cyber-physical Systems: Shallow, Deep, and Exploratory Works",2024,https://doi.org/10.1145/3653974,2404.04472,https://export.arxiv.org/e-print/2404.04472,ACM Computing Surveys,True,unknown,False,https://dl.acm.org/doi/pdf/10.1145/3653974,8
https://openalex.org/W4394593837,Fully automated verification of linear time-invariant systems against signal temporal logic specifications via reachability analysis,2024,https://doi.org/10.1016/j.nahs.2024.101491,,,Nonlinear Analysis Hybrid Systems,True,unknown,False,https://doi.org/10.1016/j.nahs.2024.101491,8
https://openalex.org/W4405371349,Model predictive control of stochastic hybrid systems with signal temporal logic constraints,2024,https://doi.org/10.1016/j.automatica.2024.112038,,,Automatica,False,unknown,False,,8
https://openalex.org/W2618418220,A Methodological Framework for Model-Based Self-management of Services and Components in Dependable Cyber-Physical Systems,2017,https://doi.org/10.1007/978-3-319-59415-6_10,,,Advances in intelligent systems and computing,False,unknown,False,,7
https://openalex.org/W3148031140,Model-bounded monitoring of hybrid systems,2021,https://doi.org/10.1145/3450267.3450531,,,,False,unknown,False,,7
https://openalex.org/W4283320323,Toward Formalization and Monitoring of Microscopic Traffic Parameters Using Temporal Logic,2022,https://doi.org/10.1177/03611981221100535,,,Transportation Research Record Journal of the Transportation Research Board,False,unknown,False,,7
https://openalex.org/W4292071675,Funnel-based Cooperative Control of Leader-follower Multi-agent Systems under Signal Temporal Logic Specifications,2022,https://doi.org/10.23919/ecc55457.2022.9838497,,,2022 European Control Conference (ECC),True,other-oa,False,http://urn.kb.se/resolve?urn=urn:nbn:se:kth:diva-314446,7
https://openalex.org/W4323026588,Specification-Guided Critical Scenario Identification for Automated Driving,2023,https://doi.org/10.1007/978-3-031-27481-7_35,2303.05139,https://export.arxiv.org/e-print/2303.05139,Lecture notes in computer science,True,cc-by,True,https://arxiv.org/pdf/2303.05139,7
https://openalex.org/W4375851970,Quantitative Robustness Analysis of Sensor Attacks on Cyber-Physical Systems,2023,https://doi.org/10.1145/3575870.3587118,,,,False,unknown,False,,7
https://openalex.org/W4383108341,Stochastic Robustness Interval for Motion Planning with Signal Temporal Logic,2023,https://doi.org/10.1109/icra48891.2023.10161409,,,,False,unknown,False,,7
https://openalex.org/W4386232850,Model Predictive Runtime Verification for Cyber-Physical Systems with Real-Time Deadlines,2023,https://doi.org/10.1007/978-3-031-42626-1_10,,,Lecture notes in computer science,False,unknown,False,,7
https://openalex.org/W4392693745,Formal Methods for Autonomous Vehicles,2024,https://doi.org/10.1109/mitp.2024.3356158,,,IT Professional,False,unknown,False,,7
https://openalex.org/W4394769501,REDriver: Runtime Enforcement for Autonomous Vehicles,2024,https://doi.org/10.1145/3597503.3639151,2401.02253,https://export.arxiv.org/e-print/2401.02253,,True,cc-by-nc,False,https://dl.acm.org/doi/pdf/10.1145/3597503.3639151,7
https://openalex.org/W4402262025,Communication-Constrained STL Task Decomposition Through Convex Optimization,2024,https://doi.org/10.23919/acc60939.2024.10644859,,,,False,unknown,False,,7
https://openalex.org/W4402434896,Bayesian Formal Synthesis of Unknown Systems via Robust Simulation Relations,2024,https://doi.org/10.1109/tac.2024.3459308,2304.07428,https://export.arxiv.org/e-print/2304.07428,IEEE Transactions on Automatic Control,True,cc-by-nc-nd,False,https://arxiv.org/pdf/2304.07428,7
https://openalex.org/W4408746057,Requirement falsification for cyber-physical systems using generative models,2025,https://doi.org/10.1007/s10515-025-00503-x,,,Automated Software Engineering,True,cc-by,True,https://doi.org/10.1007/s10515-025-00503-x,7
https://openalex.org/W4409918048,Formal Methods for Multi-Agent Feedback Control Systems,2025,https://doi.org/10.7551/mitpress/15136.001.0001,,,The MIT Press eBooks,True,unknown,False,https://direct.mit.edu/books/monograph/5954/bookpreview-pdf/2520436,7
https://openalex.org/W2526596885,Logic-Based Multi-objective Design of Chemical Reaction Networks,2016,https://doi.org/10.1007/978-3-319-47151-8_11,,,Lecture notes in computer science,False,unknown,False,,6
https://openalex.org/W3102821527,Learning-to-Fly RL: Reinforcement Learning-based Collision Avoidance for Scalable Urban Air Mobility,2020,https://doi.org/10.1109/dasc50938.2020.9256710,,,,False,unknown,False,,6
https://openalex.org/W4383108281,Safe Model-based Control from Signal Temporal Logic Specifications Using Recurrent Neural Networks,2023,https://doi.org/10.1109/icra48891.2023.10161201,,,,False,unknown,False,,6
https://openalex.org/W4389667211,Energy-Aware Planning of Heterogeneous Multi-Agent Systems for Serving Cooperative Tasks with Temporal Logic Specifications,2023,https://doi.org/10.1109/iros55552.2023.10342064,,,,False,unknown,False,,6
https://openalex.org/W4391768666,Lexicographic Mixed-Integer Motion Planning with STL Constraints,2023,https://doi.org/10.1109/itsc57777.2023.10422619,,,,True,other-oa,False,https://mediatum.ub.tum.de/1722571,6
https://openalex.org/W4403445903,Generalized Mean Robustness for Signal Temporal Logic,2024,https://doi.org/10.1109/tac.2024.3482104,,,IEEE Transactions on Automatic Control,False,unknown,False,,6
https://openalex.org/W4405632062,Socially Acceptable Bipedal Robot Navigation via Social Zonotope Network Model Predictive Control,2024,https://doi.org/10.1109/tase.2024.3519012,,,IEEE Transactions on Automation Science and Engineering,False,unknown,False,,6
https://openalex.org/W4408285603,Controller Synthesis of Collaborative Signal Temporal Logic Tasks for Multiagent Systems via Assume-Guarantee Contracts,2025,https://doi.org/10.1109/tac.2025.3549288,2309.13499,https://export.arxiv.org/e-print/2309.13499,IEEE Transactions on Automatic Control,True,cc-by,True,https://doi.org/10.1109/tac.2025.3549288,6
https://openalex.org/W2892273617,Approximate abstractions of control systems with an application to aggregation,2020,https://doi.org/10.1016/j.automatica.2020.109065,1809.03621,https://export.arxiv.org/e-print/1809.03621,Automatica,True,unknown,False,https://doi.org/10.1016/j.automatica.2020.109065,5
https://openalex.org/W4382935859,Cooperative Sampling-Based Motion Planning under Signal Temporal Logic Specifications,2023,https://doi.org/10.23919/acc55779.2023.10156470,,,,False,unknown,False,,5
https://openalex.org/W4392667230,A Safe Preference Learning Approach for Personalization With Applications to Autonomous Vehicles,2024,https://doi.org/10.1109/lra.2024.3375626,,,IEEE Robotics and Automation Letters,False,unknown,False,,5
https://openalex.org/W4400995452,Using Four-Valued Signal Temporal Logic for Incremental Verification of Hybrid Systems,2024,https://doi.org/10.1007/978-3-031-65633-0_12,,,Lecture notes in computer science,True,cc-by,True,https://doi.org/10.1007/978-3-031-65633-0_12,5
https://openalex.org/W4406522308,Completeness and Consistency of Tabular Requirements: An SMT-Based Verification Approach,2025,https://doi.org/10.1109/tse.2025.3530820,,,IEEE Transactions on Software Engineering,True,cc-by,True,https://doi.org/10.1109/tse.2025.3530820,5
https://openalex.org/W4408697024,Don't Get Stuck: A Deadlock Recovery Approach,2024,https://doi.org/10.1109/itsc58415.2024.10919573,,,,False,unknown,False,,5
https://openalex.org/W4411203451,No More Traffic Tickets: A Tutorial to Ensure Traffic-Rule Compliance of Automated Vehicles,2025,https://doi.org/10.1109/jproc.2025.3570483,,,Proceedings of the IEEE,True,cc-by,True,https://doi.org/10.1109/jproc.2025.3570483,5
https://openalex.org/W4416960314,Formal Verification and Control With Conformal Prediction: Practical Safety Guarantees For Autonomous Systems,2025,https://doi.org/10.1109/mcs.2025.3611545,,,IEEE Control Systems,False,unknown,False,,5
https://openalex.org/W4283159350,Methods of Generating Emotional Movements and Methods of Transmitting Behavioral Intentions: A Perspective on Human-Coexistence Robots,2022,https://doi.org/10.3390/s22124587,,,Sensors,True,cc-by,True,https://www.mdpi.com/1424-8220/22/12/4587/pdf?version=1655718965,4
https://openalex.org/W4387225978,Monitoring Algorithmic Fairness Under Partial Observations,2023,https://doi.org/10.1007/978-3-031-44267-4_15,,,Lecture notes in computer science,False,unknown,False,,4
https://openalex.org/W4399951122,Concurrent Learning of Control Policy and Unknown Safety Specifications in Reinforcement Learning,2024,https://doi.org/10.1109/ojcsys.2024.3418306,,,IEEE Open Journal of Control Systems,True,cc-by-nc-nd,False,https://doi.org/10.1109/ojcsys.2024.3418306,4
https://openalex.org/W4406698759,Signal Feature Coverage and Testing for CPS Dataflow Models,2025,https://doi.org/10.1145/3714467,,,ACM Transactions on Software Engineering and Methodology,True,cc-by,True,https://hdl.handle.net/10281/591661,4
https://openalex.org/W4407128425,Quantifying the Satisfaction of Spatio-Temporal Logic Specifications for Multiagent Control,2025,https://doi.org/10.1109/tac.2025.3538747,,,IEEE Transactions on Automatic Control,False,unknown,False,,4
https://openalex.org/W4400103370,Efficiently Computable Distance-Based Robustness for a Practical Fragment of STL,2024,https://doi.org/10.1007/978-3-031-68416-6_11,,,Lecture notes in computer science,True,other-oa,False,https://hal.science/hal-04622387/document,3
https://openalex.org/W4406915061,Automated Monitoring of Web User Interfaces,2025,https://doi.org/10.1145/3708512,,,ACM Transactions on the Web,False,unknown,False,,3
https://openalex.org/W4410140562,Mining Specifications for Predictive Safety Monitoring,2025,https://doi.org/10.1145/3716550.3722021,,,,True,cc-by,True,https://dl.acm.org/doi/pdf/10.1145/3716550.3722021,3
https://openalex.org/W2888483524,Learning-based testing for autonomous systems using spatial and temporal requirements,2018,https://doi.org/10.1145/3243127.3243129,,,,False,unknown,False,,24
https://openalex.org/W2735457986,Runtime Verification of Temporal Properties over Out-of-Order Data Streams,2017,https://doi.org/10.1007/978-3-319-63387-9_18,1707.05555,https://export.arxiv.org/e-print/1707.05555,Lecture notes in computer science,True,unknown,False,https://arxiv.org/pdf/1707.05555,20
https://openalex.org/W2844497498,Integrating Temporal Reasoning and Sampling-Based Motion Planning for Multigoal Problems With Dynamics and Time Windows,2018,https://doi.org/10.1109/lra.2018.2853642,,,IEEE Robotics and Automation Letters,False,unknown,False,,20
https://openalex.org/W2106026059,Formal Verification of Analog and Mixed Signal Designs: Survey and Comparison,2006,https://doi.org/10.1109/newcas.2006.250926,,,,False,unknown,False,,19
https://openalex.org/W1986565925,An effective sequential statistical test for probabilistic monitoring,2010,https://doi.org/10.1016/j.infsof.2010.10.003,,,Information and Software Technology,False,unknown,False,,18
https://openalex.org/W2961912033,Runtime Verification for Timed Event Streams with Partial Information,2019,https://doi.org/10.1007/978-3-030-32079-9_16,1907.07761,https://export.arxiv.org/e-print/1907.07761,Lecture notes in computer science,True,cc-by,True,https://link.springer.com/content/pdf/10.1007%2F978-3-030-32079-9_16.pdf,18
https://openalex.org/W3090131141,Online Signal Monitoring With Bounded Lag,2020,https://doi.org/10.1109/tcad.2020.3013053,,,IEEE Transactions on Computer-Aided Design of Integrated Circuits and Systems,False,unknown,False,,18
https://openalex.org/W2980190921,Innovating Medical Image Analysis via Spatial Logics,2019,https://doi.org/10.1007/978-3-030-30985-5_7,,,Lecture notes in computer science,True,other-oa,False,https://openportal.isti.cnr.it/doc?id=people______::f3f26b1a2a72bd570bb515ef06428f8b,17
https://openalex.org/W2980304492,Specification Mining and Robust Design under Uncertainty,2019,https://doi.org/10.1145/3358231,,,ACM Transactions on Embedded Computing Systems,True,unknown,False,https://dl.acm.org/doi/pdf/10.1145/3358231,17
https://openalex.org/W3159412779,Stream runtime verification of real-time event streams with the Striver language,2021,https://doi.org/10.1007/s10009-021-00605-3,,,International Journal on Software Tools for Technology Transfer,False,unknown,False,,17
https://openalex.org/W2996279850,SMT-based satisfiability of first-order LTL with event freezing functions and metric operators,2019,https://doi.org/10.1016/j.ic.2019.104502,,,Information and Computation,True,cc-by-nc-nd,False,https://doi.org/10.1016/j.ic.2019.104502,16
https://openalex.org/W3093728087,REMIND: A Framework for the Resilient Design of Automotive Systems,2020,https://doi.org/10.1109/secdev45635.2020.00028,,,,True,unknown,False,https://research.chalmers.se/publication/521241/file/521241_Fulltext.pdf,16
https://openalex.org/W3125413667,Model-based reinforcement learning for approximate optimal control with temporal logic specifications,2021,https://doi.org/10.1145/3447928.3456639,2101.07156,https://export.arxiv.org/e-print/2101.07156,,True,unknown,False,https://dl.acm.org/doi/pdf/10.1145/3447928.3456639,16
https://openalex.org/W3150912884,Conceptual Models in Simulation Studies: Making it Explicit,2020,https://doi.org/10.1109/wsc48552.2020.9383984,,,,False,unknown,False,,16
https://openalex.org/W2735404318,STLInspector: STL Validation with Guarantees,2017,https://doi.org/10.1007/978-3-319-63387-9_11,,,Lecture notes in computer science,False,unknown,False,,15
https://openalex.org/W2759664698,Decentralized Robust Control of Coupled Multi-Agent Systems under Local Signal Temporal Logic Tasks,2018,https://doi.org/10.23919/acc.2018.8431695,1709.07723,https://export.arxiv.org/e-print/1709.07723,,True,unknown,False,https://arxiv.org/pdf/1709.07723,15
https://openalex.org/W3089759673,Co-design of Control and Planning for Multi-rotor UAVs with Signal Temporal Logic Specifications,2021,https://doi.org/10.23919/acc50511.2021.9483206,2009.14363,https://export.arxiv.org/e-print/2009.14363,,True,unknown,False,https://arxiv.org/pdf/2009.14363,15
https://openalex.org/W2121504517,Methodology and Tools for Next Generation Cyber‐Physical Systems: The iCyPhy Approach,2015,https://doi.org/10.1002/j.2334-5837.2015.00060.x,,,INCOSE International Symposium,False,unknown,False,,14
https://openalex.org/W2172085120,Auxiliary Specifications for Context-Sensitive Monitoring of AMS Assertions,2011,https://doi.org/10.1109/tcad.2011.2155065,,,IEEE Transactions on Computer-Aided Design of Integrated Circuits and Systems,False,unknown,False,,14
https://openalex.org/W2884768714,Temporal Logic Falsification of Cyber-Physical Systems: An Input-Signal-Space Optimization Approach,2018,https://doi.org/10.1109/icstw.2018.00052,,,,False,unknown,False,,14
https://openalex.org/W2886331135,Formal controller synthesis for wastewater systems with signal temporal logic constraints: The Barcelona case study,2018,https://doi.org/10.1016/j.jprocont.2018.05.011,,,Journal of Process Control,True,other-oa,False,http://hdl.handle.net/2117/124281,14
https://openalex.org/W2903656432,Quantitative Regular Expressions for Arrhythmia Detection,2018,https://doi.org/10.1109/tcbb.2018.2885274,,,IEEE Transactions on Computational Biology and Bioinformatics,False,unknown,False,,14
https://openalex.org/W3047979427,hpnmg: A C++ Tool for Model Checking Hybrid Petri Nets with General Transitions,2020,https://doi.org/10.1007/978-3-030-55754-6_22,,,Lecture notes in computer science,False,unknown,False,,14
https://openalex.org/W3124093587,Toward a Holistic Approach to Verification and Validation of Autonomous Cognitive Systems,2021,https://doi.org/10.1145/3447246,,,ACM Transactions on Software Engineering and Methodology,True,cc-by,True,https://research.manchester.ac.uk/en/publications/d687ed80-9b82-4096-9dfe-5203414cb442,14
https://openalex.org/W4225386864,Temporal Robustness of Stochastic Signals,2022,https://doi.org/10.1145/3501710.3519504,,,,False,unknown,False,,14
https://openalex.org/W117051065,Let’s Get Physical: Computer Science Meets Systems,2014,https://doi.org/10.1007/978-3-642-54848-2_13,,,Lecture notes in computer science,False,unknown,False,,13
https://openalex.org/W2741510978,Generation of simulink monitors for control applications from formal requirements,2017,https://doi.org/10.1109/sies.2017.7993389,,,,False,unknown,False,,13
https://openalex.org/W2900390164,MLTL Benchmark Generation via Formula Progression,2018,https://doi.org/10.1007/978-3-030-03769-7_25,,,Lecture notes in computer science,False,unknown,False,,13
https://openalex.org/W2930654751,Specification and Efficient Monitoring Beyond STL,2019,https://doi.org/10.1007/978-3-030-17465-1_5,,,Lecture notes in computer science,True,cc-by,True,https://link.springer.com/content/pdf/10.1007%2F978-3-030-17465-1_5.pdf,13
https://openalex.org/W2945685829,Optimizing Assume-Guarantee Contracts for Cyber-Physical System Design,2019,https://doi.org/10.23919/date.2019.8715284,,,,False,unknown,False,,13
https://openalex.org/W2990661835,Validating Industrial Requirements with a Contract-Based Approach,2019,https://doi.org/10.1109/models-c.2019.00010,,,,False,unknown,False,,13
https://openalex.org/W3047747739,Falsification of Cyber-Physical Systems with Constrained Signal Spaces,2020,https://doi.org/10.1007/978-3-030-55754-6_25,,,Lecture notes in computer science,True,other-oa,False,https://hal.science/hal-03049273,13
https://openalex.org/W3202468961,A Compositional Framework for Quantitative Online Monitoring over Continuous-Time Signals,2021,https://doi.org/10.1007/978-3-030-88494-9_8,,,Lecture notes in computer science,False,unknown,False,,13
https://openalex.org/W2901054789,Keynote: The First-Order Logic of Signals,2018,https://doi.org/10.1109/emsoft.2018.8537203,,,,False,unknown,False,,12
https://openalex.org/W3023002415,From LTL to rLTL monitoring,2020,https://doi.org/10.1145/3365365.3382197,,,,True,unknown,False,https://elib.dlr.de/134512/1/paper.pdf,12
https://openalex.org/W3037345683,Optimistic and Pessimistic On-the-fly Analysis for Metric Temporal Graph Logic,2020,https://doi.org/10.1007/978-3-030-51372-6_16,,,Lecture notes in computer science,True,unknown,False,https://www.ncbi.nlm.nih.gov/pmc/articles/7314715,12
https://openalex.org/W3118289085,Distributed Planning of Multi-Agent Systems with Coupled Temporal Logic Specifications,2021,https://doi.org/10.2514/6.2021-1123,,,AIAA Scitech 2021 Forum,False,unknown,False,,12
https://openalex.org/W4210458612,Efficient SMT-Based Model Checking for Signal Temporal Logic,2021,https://doi.org/10.1109/ase51524.2021.9678719,,,2021 36th IEEE/ACM International Conference on Automated Software Engineering (ASE),False,unknown,False,,12
https://openalex.org/W4313145652,Towards Safe and Resilient Hybrid Systems in the Presence of Learning and Uncertainty,2022,https://doi.org/10.1007/978-3-031-19849-6_18,,,Lecture notes in computer science,False,unknown,False,,12
https://openalex.org/W2476450546,EQUITAS: A tool-chain for functional safety and reliability improvement in automotive systems,2016,https://doi.org/10.1016/j.micpro.2016.07.020,,,Microprocessors and Microsystems,True,other-oa,False,https://cea.hal.science/cea-01845196,11
https://openalex.org/W2486106255,A Hybrid Architecture for Correct-by-Construction Hybrid Planning and Control,2016,https://doi.org/10.1007/978-3-319-40648-0_29,,,Lecture notes in computer science,False,unknown,False,,11
https://openalex.org/W2738417919,Timed Temporal Logics,2017,https://doi.org/10.1007/978-3-319-63121-9_11,,,Lecture notes in computer science,False,unknown,False,,11
https://openalex.org/W2890800481,INVITED: Runtime Monitoring for Safety of Intelligent Vehicles,2018,https://doi.org/10.1109/dac.2018.8465912,,,,False,unknown,False,,11
https://openalex.org/W2942619398,Property specification patterns at work: verification and inconsistency explanation,2019,https://doi.org/10.1007/s11334-019-00339-1,,,Innovations in Systems and Software Engineering,True,other-oa,False,http://hdl.handle.net/11567/995257,11
https://openalex.org/W2950360254,From Simulation to Runtime Verification and Back: Connecting Single-Run Verification Techniques,2019,https://doi.org/10.23919/springsim.2019.8732915,,,,False,unknown,False,,11
https://openalex.org/W3092068599,Active Learning of Signal Temporal Logic Specifications,2020,https://doi.org/10.1109/case48305.2020.9216778,,,,True,other-oa,False,http://urn.kb.se/resolve?urn=urn:nbn:se:kth:diva-291610,11
https://openalex.org/W3201878770,Model-Free Reinforcement Learning for Optimal Control of Markov Decision Processes Under Signal Temporal Logic Specifications,2021,https://doi.org/10.1109/cdc45484.2021.9683444,,,2021 60th IEEE Conference on Decision and Control (CDC),False,unknown,False,,11
https://openalex.org/W3203156624,Formal Analysis of AI-Based Autonomy: From Modeling to Runtime Assurance,2021,https://doi.org/10.1007/978-3-030-88494-9_19,,,Lecture notes in computer science,False,unknown,False,,11
https://openalex.org/W3203641084,Classification of Time-Series Data Using Boosted Decision Trees,2022,https://doi.org/10.1109/iros47612.2022.9982105,,,2022 IEEE/RSJ International Conference on Intelligent Robots and Systems (IROS),False,unknown,False,,11
https://openalex.org/W4292070345,Control Barrier Functions with Actuation Constraints under Signal Temporal Logic Specifications,2022,https://doi.org/10.23919/ecc55457.2022.9838028,,,2022 European Control Conference (ECC),False,unknown,False,,11
https://openalex.org/W4308080353,Minimum-Violation Velocity Planning with Temporal Logic Constraints,2022,https://doi.org/10.1109/itsc55140.2022.9922114,,,2022 IEEE 25th International Conference on Intelligent Transportation Systems (ITSC),True,other-oa,False,https://mediatum.ub.tum.de/1689688,11
https://openalex.org/W4316813665,Risk of Stochastic Systems for Temporal Logic Specifications,2023,https://doi.org/10.1145/3580490,,,ACM Transactions on Embedded Computing Systems,True,unknown,False,https://dl.acm.org/doi/pdf/10.1145/3580490,11
https://openalex.org/W1977363041,Formal Interpretation of Assertion Based Features on AMS Designs,2014,https://doi.org/10.1109/mdat.2014.2361720,,,IEEE Design and Test,False,unknown,False,,10
https://openalex.org/W2296665064,Machine Learning Methods in Statistical Model Checking and System Design – Tutorial,2015,https://doi.org/10.1007/978-3-319-23820-3_23,,,Lecture notes in computer science,True,other-oa,False,https://arts.units.it/bitstream/11368/2860877/1/RV2015_tutorial-post.pdf,10
https://openalex.org/W3088182729,Trace-checking signal-based temporal properties,2020,https://doi.org/10.1145/3324884.3416631,,,,True,unknown,False,https://dl.acm.org/doi/pdf/10.1145/3324884.3416631,10
https://openalex.org/W3137814233,Algebraic Quantitative Semantics for Efficient Online Temporal Monitoring,2021,https://doi.org/10.1007/978-3-030-72016-2_18,,,Lecture notes in computer science,True,cc-by,True,https://link.springer.com/content/pdf/10.1007/978-3-030-72016-2_18.pdf,10
https://openalex.org/W3159493716,A Control Architecture for Provably-Correct Autonomous Driving,2021,https://doi.org/10.23919/acc50511.2021.9482810,2105.02759,https://export.arxiv.org/e-print/2105.02759,,True,unknown,False,https://arxiv.org/pdf/2105.02759,10
https://openalex.org/W3197852141,Interpretable Fault Diagnosis for Cyberphysical Systems: A Learning Perspective,2021,https://doi.org/10.1109/mc.2021.3078694,,,Computer,False,unknown,False,,10
https://openalex.org/W3214551138,HStriver: A Very Functional Extensible Tool for the Runtime Verification of Real-Time Event Streams,2021,https://doi.org/10.1007/978-3-030-90870-6_30,,,Lecture notes in computer science,False,unknown,False,,10
https://openalex.org/W4315471884,Automaton-Guided Control Synthesis for Signal Temporal Logic Specifications,2022,https://doi.org/10.1109/cdc51059.2022.9993090,,,2022 IEEE 61st Conference on Decision and Control (CDC),False,unknown,False,,10
https://openalex.org/W4315489222,Online Monitoring of Dynamic Systems for Signal Temporal Logic Specifications with Model Information,2022,https://doi.org/10.1109/cdc51059.2022.9993114,,,2022 IEEE 61st Conference on Decision and Control (CDC),False,unknown,False,,10
https://openalex.org/W2796019254,Specifying Timed Patterns using Temporal Logic,2018,https://doi.org/10.1145/3178126.3178129,,,,False,unknown,False,,9
https://openalex.org/W2798501942,Central Limit Model Checking,2019,https://doi.org/10.1145/3331452,1804.08744,https://export.arxiv.org/e-print/1804.08744,ACM Transactions on Computational Logic,True,unknown,False,https://arxiv.org/pdf/1804.08744,9
https://openalex.org/W3095983813,Worst-case Satisfaction of STL Specifications Using Feedforward Neural Network Controllers: A Lagrange Multipliers Approach,2020,https://doi.org/10.1109/ita50056.2020.9244969,,,,False,unknown,False,,9
https://openalex.org/W3173259272,Runtime Verification of Spatio-Temporal Specification Language,2021,https://doi.org/10.1007/s11036-021-01779-5,,,Mobile Networks and Applications,False,unknown,False,,9
https://openalex.org/W3200593142,Enhancing Data-Driven Reachability Analysis using Temporal Logic Side Information,2022,https://doi.org/10.1109/icra46639.2022.9811706,,,2022 International Conference on Robotics and Automation (ICRA),True,other-oa,False,http://urn.kb.se/resolve?urn=urn:nbn:se:kth:diva-312118,9
https://openalex.org/W4223928772,Non-Smooth Control Barrier Navigation Functions for STL Motion Planning,2022,https://doi.org/10.3389/frobt.2022.782783,,,Frontiers in Robotics and AI,True,cc-by,True,https://www.frontiersin.org/articles/10.3389/frobt.2022.782783/pdf,9
https://openalex.org/W4378697147,Motion Planning Using Hyperproperties for Time Window Temporal Logic,2023,https://doi.org/10.1109/lra.2023.3280830,,,IEEE Robotics and Automation Letters,False,unknown,False,,9
https://openalex.org/W4391020624,Modularized Control Synthesis for Complex Signal Temporal Logic Specifications,2023,https://doi.org/10.1109/cdc49753.2023.10383263,,,,True,other-oa,False,https://research.tue.nl/en/publications/68e62253-501d-42f9-90bd-7fb1588234da,9
https://openalex.org/W95346533,Combining Time and Frequency Domain Specifications for Periodic Signals,2012,https://doi.org/10.1007/978-3-642-29860-8_22,,,Lecture notes in computer science,False,unknown,False,,9
https://openalex.org/W2051394218,ASDeX: a formal specification for analog circuit enabling a full automated design validation,2012,https://doi.org/10.1007/s10617-012-9088-8,,,Design Automation for Embedded Systems,False,unknown,False,,8
https://openalex.org/W2911522793,Event-triggered Feedback Control for Signal Temporal Logic Tasks,2018,https://doi.org/10.1109/cdc.2018.8619000,,,,True,other-oa,False,http://urn.kb.se/resolve?urn=urn:nbn:se:kth:diva-245101,8
https://openalex.org/W3145181782,Control Synthesis using Signal Temporal Logic Specifications with Integral and Derivative Predicates,2021,https://doi.org/10.23919/acc50511.2021.9482651,2103.14193,https://export.arxiv.org/e-print/2103.14193,,True,unknown,False,https://arxiv.org/pdf/2103.14193,8
https://openalex.org/W3146720230,Neural Network-based Control for Multi-Agent Systems from Spatio-Temporal Specifications,2021,https://doi.org/10.1109/cdc45484.2021.9682921,2104.02737,https://export.arxiv.org/e-print/2104.02737,2021 60th IEEE Conference on Decision and Control (CDC),True,unknown,False,https://arxiv.org/pdf/2104.02737,8
https://openalex.org/W3154341275,Controller Synthesis for Multi-Agent Systems With Intermittent Communication and Metric Temporal Logic Specifications,2023,https://doi.org/10.1109/access.2023.3308050,2104.08329,https://export.arxiv.org/e-print/2104.08329,IEEE Access,True,cc-by-nc-nd,False,https://ieeexplore.ieee.org/ielx7/6287639/6514899/10227278.pdf,8
https://openalex.org/W3159513475,A program logic to verify signal temporal logic specifications of hybrid systems,2021,https://doi.org/10.1145/3447928.3456648,,,,False,unknown,False,,8
https://openalex.org/W3198638775,Formal Methods in Cyberphysical Systems,2021,https://doi.org/10.1109/mc.2021.3089267,,,Computer,True,unknown,False,https://ieeexplore.ieee.org/ielx7/2/9524643/09524651.pdf,8
https://openalex.org/W3205487340,Efficient Black-Box Checking via Model Checking with Strengthened Specifications,2021,https://doi.org/10.1007/978-3-030-88494-9_6,,,Lecture notes in computer science,False,unknown,False,,8
https://openalex.org/W3217513678,A framework to measure the robustness of programs in the unpredictable environment,2023,https://doi.org/10.46298/lmcs-19(3:2)2023,2111.15319,https://export.arxiv.org/e-print/2111.15319,Logical Methods in Computer Science,True,unknown,False,https://lmcs.episciences.org/11554/pdf,8
https://openalex.org/W4280646244,A Verification Framework for Certifying Learning-Based Safety-Critical Aviation Systems,2022,https://doi.org/10.2514/6.2022-3965,,,AIAA AVIATION 2022 Forum,False,unknown,False,,8
https://openalex.org/W4293828555,Bridging the gap between single- and multi-model predictive runtime verification,2021,https://doi.org/10.1007/s10703-022-00395-7,,,Formal Methods in System Design,True,cc-by,True,https://link.springer.com/content/pdf/10.1007/s10703-022-00395-7.pdf,8
https://openalex.org/W4314946941,Handling Disjunctions in Signal Temporal Logic Based Control Through Nonsmooth Barrier Functions,2022,https://doi.org/10.1109/cdc51059.2022.9992562,,,2022 IEEE 61st Conference on Decision and Control (CDC),True,other-oa,False,http://urn.kb.se/resolve?urn=urn:nbn:se:kth:diva-323551,8
https://openalex.org/W4389671730,Continuous Engineering for Trustworthy Learning-Enabled Autonomous Systems,2023,https://doi.org/10.1007/978-3-031-46002-9_15,,,Lecture notes in computer science,True,cc-by,True,https://link.springer.com/content/pdf/10.1007/978-3-031-46002-9_15.pdf,8
https://openalex.org/W2523438358,Reactive Property Monitoring of Hybrid Systems with Aggregation,2016,https://doi.org/10.1007/978-3-319-46982-9_28,,,Lecture notes in computer science,False,unknown,False,,7
https://openalex.org/W3088138295,Characterizing positively invariant sets: Inductive and topological methods,2022,https://doi.org/10.1016/j.jsc.2022.01.004,2009.09797,https://export.arxiv.org/e-print/2009.09797,Journal of Symbolic Computation,True,unknown,False,https://doi.org/10.1016/j.jsc.2022.01.004,7
https://openalex.org/W3092649410,Monitoring Cyber-Physical Systems: From Design to Integration,2020,https://doi.org/10.1007/978-3-030-60508-7_5,2012.08959,https://export.arxiv.org/e-print/2012.08959,Lecture notes in computer science,True,unknown,False,https://arxiv.org/pdf/2012.08959,7
https://openalex.org/W3134779917,Should Robots Chicken?,2021,https://doi.org/10.1145/3434073.3444687,,,,False,unknown,False,,7
https://openalex.org/W3139852998,Probabilistic conformance for cyber-physical systems,2021,https://doi.org/10.1145/3450267.3450534,,,,False,unknown,False,,7
https://openalex.org/W3202302376,Specification and Runtime Verification of Temporal Assessments in Simulink,2021,https://doi.org/10.1007/978-3-030-88494-9_17,,,Lecture notes in computer science,False,unknown,False,,7
https://openalex.org/W4224493714,Explorations in cyber-physical systems education,2022,https://doi.org/10.1145/3490442,,,Communications of the ACM,True,cc-by,True,https://dl.acm.org/doi/pdf/10.1145/3490442,7
https://openalex.org/W4226277223,Temporal Logic Guided Motion Primitives for Complex Manipulation Tasks with User Preferences,2022,https://doi.org/10.1109/icra46639.2022.9811707,,,2022 International Conference on Robotics and Automation (ICRA),False,unknown,False,,7
https://openalex.org/W4290087497,STLmc: Robust STL Model Checking of Hybrid Systems Using SMT,2022,https://doi.org/10.1007/978-3-031-13185-1_26,,,Lecture notes in computer science,True,cc-by,True,https://link.springer.com/content/pdf/10.1007/978-3-031-13185-1_26.pdf,7
https://openalex.org/W4292559442,Statistical Model Checking for Probabilistic Hyperproperties of Real-Valued Signals,2022,https://doi.org/10.1007/978-3-031-15077-7_4,,,Lecture notes in computer science,False,unknown,False,,7
https://openalex.org/W4383898402,Runtime Resolution of Feature Interactions through Adaptive Requirement Weakening,2023,https://doi.org/10.1109/seams59076.2023.00025,2310.18217,https://export.arxiv.org/e-print/2310.18217,,True,cc-by,True,https://arxiv.org/pdf/2310.18217,7
https://openalex.org/W4386806266,Impossible Made Possible: Encoding Intractable Specifications via Implied Domain Constraints,2023,https://doi.org/10.1007/978-3-031-43681-9_9,,,Lecture notes in computer science,False,unknown,False,,7
https://openalex.org/W4387755499,Specification Sketching for Linear Temporal Logic,2023,https://doi.org/10.1007/978-3-031-45332-8_2,,,Lecture notes in computer science,False,unknown,False,,7
https://openalex.org/W4391019804,Learning Robust and Correct Controllers from Signal Temporal Logic Specifications Using BarrierNet,2023,https://doi.org/10.1109/cdc49753.2023.10383857,,,,False,unknown,False,,7
https://openalex.org/W2968495818,A Sound and Complete Axiomatisation for Spatio-Temporal Specification Language,2019,https://doi.org/10.18293/seke2019-222,,,Proceedings/Proceedings of the ... International Conference on Software Engineering and Knowledge Engineering,True,unknown,False,https://doi.org/10.18293/seke2019-222,6
https://openalex.org/W3033567324,Formal synthesis of closed-form sampled-data controllers for nonlinear continuous-time systems under STL specifications,2022,https://doi.org/10.1016/j.automatica.2022.110184,,,Automatica,True,cc-by,True,https://www.sciencedirect.com/science/article/pii/S0005109822000292/pdf,6
https://openalex.org/W3126432375,Specification-guided Software Fault Localization for Autonomous Mobile Systems,2020,https://doi.org/10.1109/memocode51338.2020.9315067,,,,False,unknown,False,,6
https://openalex.org/W3168806575,How Adaptive and Reliable is Your Program?,2021,https://doi.org/10.1007/978-3-030-78089-0_4,,,Lecture notes in computer science,True,cc-by,True,https://inria.hal.science/hal-03740265,6
https://openalex.org/W3190871115,FADS: A framework for autonomous drone safety using temporal logic-based trajectory planning,2021,https://doi.org/10.1016/j.trc.2021.103275,,,Transportation Research Part C Emerging Technologies,False,unknown,False,,6
https://openalex.org/W4205785251,STONE: Signal Temporal Logic Neural Network for Time Series Classification,2021,https://doi.org/10.1109/icdmw53433.2021.00101,,,2021 International Conference on Data Mining Workshops (ICDMW),False,unknown,False,,6
https://openalex.org/W4225736932,One-Shot Learning of Ensembles of Temporal Logic Formulas for Anomaly Detection in Cyber-Physical Systems,2022,https://doi.org/10.1007/978-3-031-02056-8_3,,,Lecture notes in computer science,True,other-oa,False,https://arts.units.it/bitstream/11368/3026168/1/2022-EuroGP-OneShotEnsembleLearningSTL.pdf,6
https://openalex.org/W4289829301,Control Barrier Navigation Functions for STL Motion Planning,2022,https://doi.org/10.1109/med54222.2022.9837126,,,2022 30th Mediterranean Conference on Control and Automation (MED),False,unknown,False,,6
https://openalex.org/W4310969254,SmartData Safety: Online Safety Models for Data-Driven Cyber-Physical Systems,2022,https://doi.org/10.1109/iecon49645.2022.9969074,,,IECON 2022 – 48th Annual Conference of the IEEE Industrial Electronics Society,False,unknown,False,,6
https://openalex.org/W4312330673,Inference of Multi-Class STL Specifications for Multi-Label Human-Robot Encounters,2022,https://doi.org/10.1109/iros47612.2022.9982088,,,2022 IEEE/RSJ International Conference on Intelligent Robots and Systems (IROS),True,other-oa,False,http://urn.kb.se/resolve?urn=urn:nbn:se:kth:diva-324993,6
https://openalex.org/W4313119636,Splitting and merging control of multiple platoons with Signal Temporal Logic,2022,https://doi.org/10.1109/ccta49430.2022.9966040,,,2022 IEEE Conference on Control Technology and Applications (CCTA),True,other-oa,False,http://urn.kb.se/resolve?urn=urn:nbn:se:kth:diva-309726,6
https://openalex.org/W4402262832,Temporally Robust Multi-Agent STL Motion Planning in Continuous Time,2024,https://doi.org/10.23919/acc60939.2024.10644216,,,,False,unknown,False,,6
https://openalex.org/W2887234918,Automatic verification of reliability requirements of spatio-temporal analysis using Three-Valued Spatio-Temporal Logic,2017,https://doi.org/10.1145/3150928.3150961,,,,True,other-oa,False,https://www.research.ed.ac.uk/files/75698101/Automatic_verification_of_reliability_requirements_of_spatio_temporal_analysis.pdf,5
https://openalex.org/W3209508661,Disturbance Bounds for Signal Temporal Logic Task Satisfaction: A Dynamics Perspective,2021,https://doi.org/10.1109/lcsys.2021.3137267,,,IEEE Control Systems Letters,False,unknown,False,,5
https://openalex.org/W4311273059,Two Simulink Models with Requirements for a Simple Controller of a Pacemaker Device,2022,https://doi.org/10.29007/f57w,,,EPiC series in computing,True,unknown,False,https://easychair.org/publications/open/QZcD,5
https://openalex.org/W4367664943,Provable Correct and Adaptive Simplex Architecture for Bounded-Liveness Properties,2023,https://doi.org/10.1007/978-3-031-32157-3_8,,,Lecture notes in computer science,True,cc-by,True,https://doi.org/10.5281/zenodo.10213636,5
https://openalex.org/W4379165207,Rewrite-Based Decomposition of Signal Temporal Logic Specifications,2023,https://doi.org/10.1007/978-3-031-33170-1_14,,,Lecture notes in computer science,False,unknown,False,,5
https://openalex.org/W4384471465,Synthesizing Trajectory Queries from Examples,2023,https://doi.org/10.1007/978-3-031-37706-8_23,2602.15164,https://export.arxiv.org/e-print/2602.15164,Lecture notes in computer science,True,cc-by,True,https://link.springer.com/content/pdf/10.1007/978-3-031-37706-8_23.pdf,5
https://openalex.org/W4387225557,Learning-Based Approaches to Predictive Monitoring with Conformal Statistical Guarantees,2023,https://doi.org/10.1007/978-3-031-44267-4_26,,,Lecture notes in computer science,True,other-oa,False,https://hdl.handle.net/11368/3065898,5
https://openalex.org/W4388895363,TeSSLa-ROS-Bridge – Runtime Verification of Robotic Systems,2023,https://doi.org/10.1007/978-3-031-47963-2_23,,,Lecture notes in computer science,False,unknown,False,,5
https://openalex.org/W4389371131,Interval Signal Temporal Logic From Natural Inclusion Functions,2023,https://doi.org/10.1109/lcsys.2023.3337744,,,IEEE Control Systems Letters,False,unknown,False,,5
https://openalex.org/W4391409166,Validation Without Data - Formalizing Stylized Facts Of Time Series,2023,https://doi.org/10.1109/wsc60868.2023.10408388,,,,False,unknown,False,,5
https://openalex.org/W4393147347,Formal Logic Enabled Personalized Federated Learning through Property Inference,2024,https://doi.org/10.1609/aaai.v38i10.28962,,,Proceedings of the AAAI Conference on Artificial Intelligence,True,unknown,False,https://ojs.aaai.org/index.php/AAAI/article/download/28962/29830,5
https://openalex.org/W4401413822,Synthesis of Temporally-Robust Policies for Signal Temporal Logic Tasks using Reinforcement Learning,2024,https://doi.org/10.1109/icra57147.2024.10610510,2312.05764,https://export.arxiv.org/e-print/2312.05764,,True,unknown,False,https://arxiv.org/pdf/2312.05764,5
https://openalex.org/W4401811875,Risk-Aware MPC for Stochastic Systems with Runtime Temporal Logics,2024,https://doi.org/10.1016/j.ifacol.2024.07.431,,,IFAC-PapersOnLine,True,unknown,False,https://doi.org/10.1016/j.ifacol.2024.07.431,5
https://openalex.org/W4402300289,Sleep When Everything Looks Fine: Self-Triggered Monitoring for Signal Temporal Logic Tasks,2024,https://doi.org/10.1109/lra.2024.3455848,,,IEEE Robotics and Automation Letters,False,unknown,False,,5
https://openalex.org/W4402800273,Scaling Learning-based Policy Optimization for Temporal Logic Tasks by Controller Network Dropout,2024,https://doi.org/10.1145/3696112,,,ACM Transactions on Cyber-Physical Systems,False,unknown,False,,5
https://openalex.org/W4403276795,Precision on Demand: Propositional Logic for Event-Trigger Threshold Regulation,2024,https://doi.org/10.1109/jiot.2024.3476922,2408.14473,https://export.arxiv.org/e-print/2408.14473,IEEE Internet of Things Journal,True,unknown,False,https://arxiv.org/pdf/2408.14473,5
https://openalex.org/W4405786505,Reactive Temporal Logic-based Planning and Control for Interactive Robotic Tasks,2024,https://doi.org/10.1109/iros58592.2024.10802335,,,,False,unknown,False,,5
https://openalex.org/W2567580527,Formal feature analysis of hybrid automata,2016,https://doi.org/10.1109/memcod.2016.7797740,,,,False,unknown,False,,4
https://openalex.org/W3120713148,Single-Agent Indirect Herding of Multiple Targets using Metric Temporal Logic Switching,2020,https://doi.org/10.1109/cdc42340.2020.9304233,,,,False,unknown,False,,4
https://openalex.org/W4296915588,ASTL: Accumulative Signal Temporal Logic for IoT Service Monitoring,2022,https://doi.org/10.1109/icws55610.2022.00047,,,,False,unknown,False,,4
https://openalex.org/W4309116967,Safety-Aware Autonomous Systems : Preparing Robots for Life in the Real World,2022,https://doi.org/10.3384/9789179295028,,,Linköping studies in science and technology. Dissertations,True,unknown,False,http://liu.diva-portal.org/smash/get/diva2:1710871/FULLTEXT03,4
https://openalex.org/W4311414009,Learning Performance Graphs From Demonstrations via Task-Based Evaluations,2022,https://doi.org/10.1109/lra.2022.3226072,2204.05909,https://export.arxiv.org/e-print/2204.05909,IEEE Robotics and Automation Letters,True,unknown,False,https://arxiv.org/pdf/2204.05909,4
https://openalex.org/W4315471775,Traffic Flow Control at Signalized Intersections using Signal Spatio-Temporal Logic,2022,https://doi.org/10.1109/cdc51059.2022.9993289,,,2022 IEEE 61st Conference on Decision and Control (CDC),False,unknown,False,,4
https://openalex.org/W4315472088,Decentralized Signal Temporal Logic Control for Perturbed Interconnected Systems via Assume-Guarantee Contract Optimization,2022,https://doi.org/10.1109/cdc51059.2022.9992326,,,2022 IEEE 61st Conference on Decision and Control (CDC),False,unknown,False,,4
https://openalex.org/W4382936150,Risk-Awareness in Learning Neural Controllers for Temporal Logic Objectives,2023,https://doi.org/10.23919/acc55779.2023.10156345,,,,False,unknown,False,,4
https://openalex.org/W4383108565,Risk-aware Spatio-temporal Logic Planning in Gaussian Belief Spaces,2023,https://doi.org/10.1109/icra48891.2023.10160973,,,,True,other-oa,False,https://kth.diva-portal.org/smash/get/diva2:1744791/FULLTEXT01,4
https://openalex.org/W4388572341,A skin microbiome model with AMP interactions and analysis of quasi-stability vs stability in population dynamics,2023,https://doi.org/10.1016/j.tcs.2023.114294,,,Theoretical Computer Science,True,unknown,False,https://doi.org/10.1016/j.tcs.2023.114294,4
https://openalex.org/W4400489891,Explainable AI for Process-Aware Attack Detection in Industrial Control Systems,2024,https://doi.org/10.1109/netsoft60951.2024.10588940,,,,True,cc-by,True,https://hal.science/hal-04680302v1/file/Explainable%20AI%20for%20Process%20Aware%20Detection%20in%20ICS%20.pdf,4
https://openalex.org/W4400995447,Optimization-Based Model Checking and Trace Synthesis for Complex STL Specifications,2024,https://doi.org/10.1007/978-3-031-65633-0_13,,,Lecture notes in computer science,True,cc-by,True,https://link.springer.com/content/pdf/10.1007/978-3-031-65633-0_13.pdf,4
https://openalex.org/W4402496155,CauMon: An Informative Online Monitor for Signal Temporal Logic,2024,https://doi.org/10.1007/978-3-031-71177-0_18,,,Lecture notes in computer science,True,cc-by,True,https://link.springer.com/content/pdf/10.1007/978-3-031-71177-0_18.pdf,4
https://openalex.org/W4404101567,Backdoor Attacks on Safe Reinforcement Learning-Enabled Cyber–Physical Systems,2024,https://doi.org/10.1109/tcad.2024.3447468,,,IEEE Transactions on Computer-Aided Design of Integrated Circuits and Systems,False,unknown,False,,4
https://openalex.org/W4404278136,Monitoring Real-Time Systems Under Parametric Delay,2024,https://doi.org/10.1007/978-3-031-76554-4_11,,,Lecture notes in computer science,True,other-oa,False,https://vbn.aau.dk/ws/files/803758844/paper_8661-1.pdf,4
https://openalex.org/W4406866240,Finding Safety Violations of AI-Enabled Control Systems through the Lens of Synthesized Proxy Programs,2025,https://doi.org/10.1145/3715105,,,ACM Transactions on Software Engineering and Methodology,False,unknown,False,,4
https://openalex.org/W4407950396,Probabilistic Tube-based Control Synthesis of Stochastic Multi-Agent Systems under Signal Temporal Logic,2024,https://doi.org/10.1109/cdc56724.2024.10886279,,,,True,cc-by,True,https://pure.qub.ac.uk/en/publications/cc2abaa7-03b0-43c0-9f74-05899f570b7d,4
https://openalex.org/W4408479766,Edge-Cloud Orchestration of Assertion-Based Monitors for Robotic Applications,2025,https://doi.org/10.1145/3723878,,,ACM Transactions on Embedded Computing Systems,True,cc-by,True,https://doi.org/10.1145/3723878,4
https://openalex.org/W4410431252,SMT-based robust model checking for signal temporal logic,2025,https://doi.org/10.1016/j.scico.2025.103332,,,Science of Computer Programming,False,unknown,False,,4
https://openalex.org/W4298120769,Finite-Horizon Optimal Spatio-Temporal Pattern Control under Spatio-Temporal Logic Specifications,2022,https://doi.org/10.1587/transinf.2021fop0003,,,IEICE Transactions on Information and Systems,True,unknown,False,https://www.jstage.jst.go.jp/article/transinf/E105.D/10/E105.D_2021FOP0003/_pdf,3
https://openalex.org/W4400995651,Scenario-Based Flexible Modeling and Scalable Falsification for Reconfigurable CPSs,2024,https://doi.org/10.1007/978-3-031-65633-0_15,,,Lecture notes in computer science,True,cc-by,True,https://link.springer.com/content/pdf/10.1007/978-3-031-65633-0_15.pdf,3
https://openalex.org/W4401133116,Using Traffic Sequence Charts for Knowledge Formalization and AI-Application,2024,https://doi.org/10.1007/978-3-031-66428-1_12,,,Lecture notes in networks and systems,True,unknown,False,https://elib.dlr.de/205677/1/UsingTrafficSequenceChartsForKnowledgeFormalizationAndAIApplication_elib.pdf,3
https://openalex.org/W4403317803,Stream-Based Monitoring Under Measurement Noise,2024,https://doi.org/10.1007/978-3-031-74234-7_2,,,Lecture notes in computer science,False,unknown,False,,3
https://openalex.org/W4409184954,Digital Twin Tutorial: The Incubator Case Study,2025,https://doi.org/10.1007/978-981-96-4656-2_3,,,Lecture notes in computer science,False,unknown,False,,3
https://openalex.org/W4409194664,Formally proved specification of non-nested STL formulas as synchronous observers,2025,https://doi.org/10.1016/j.scico.2025.103315,,,Science of Computer Programming,False,unknown,False,,3
https://openalex.org/W4413393534,Robust CBF-based STL motion planning for socially responsible robot navigation in the presence of measurement noise*,2025,https://doi.org/10.23919/acc63710.2025.11107767,,,,False,unknown,False,,3
https://openalex.org/W4402261853,Control Barrier Function for Linearizable Systems with High Relative Degrees from Signal Temporal Logics: A Reference Governor Approach,2024,https://doi.org/10.23919/acc60939.2024.10644886,,,,False,unknown,False,,2
https://openalex.org/W4403317769,Oblivious Monitoring for Discrete-Time STL via Fully Homomorphic Encryption,2024,https://doi.org/10.1007/978-3-031-74234-7_4,,,Lecture notes in computer science,False,unknown,False,,2
https://openalex.org/W4407988014,From Time-Invariant to Uniformly Time-Varying Control Barrier Functions: A Constructive Approach,2024,https://doi.org/10.1109/cdc56724.2024.10886042,,,,True,other-oa,False,https://kth.diva-portal.org/smash/get/diva2:1948004/FULLTEXT01,2
https://openalex.org/W4409496036,Unified Search for Multi-requirement Falsification for Cyber-Physical Systems,2025,https://doi.org/10.1109/icstw64639.2025.10962525,,,,False,unknown,False,,2
https://openalex.org/W4410081574,Unified Monitor and Controller Synthesis for Securing Complex Unmanned Aircraft Systems,2025,https://doi.org/10.3390/drones9050353,,,Drones,True,cc-by,True,https://www.mdpi.com/2504-446X/9/5/353/pdf?version=1746452832,2
https://openalex.org/W4411115418,"Towards a Safe, Verified Runtime Monitor for Embedded Systems: R2U2 in Embedded Rust",2025,https://doi.org/10.1007/978-3-031-93706-4_3,,,Lecture notes in computer science,False,unknown,False,,2
https://openalex.org/W4412405219,DURA-CPS: A Multi-Role Orchestrator for Dependability Assurance in LLM-Enabled Cyber-Physical Systems,2025,https://doi.org/10.1109/dsn-w65791.2025.00040,,,,False,unknown,False,,2
https://openalex.org/W4412447585,WEST: Interactive validation of Mission-time Linear Temporal Logic (MLTL),2025,https://doi.org/10.1016/j.scico.2025.103365,,,Science of Computer Programming,True,unknown,False,https://doi.org/10.1016/j.scico.2025.103365,2
https://openalex.org/W4413221915,STL-GO: Spatio-Temporal Logic with Graph Operators for Distributed Systems with Multiple Network Topologies,2025,https://doi.org/10.1145/3760258,,,ACM Transactions on Embedded Computing Systems,True,cc-by,True,https://doi.org/10.1145/3760258,2
https://openalex.org/W7154457008,MightyPPL: Model Checking MITL with Past and Pnueli Modalities,2026,https://doi.org/10.1007/978-3-032-22752-2_24,,,Lecture notes in computer science,True,cc-by-nc-nd,False,https://link.springer.com/content/pdf/10.1007/978-3-032-22752-2_24.pdf,2
https://openalex.org/W7165646661,Learning Contextual Runtime Monitors for Safe AI-Based Autonomy,2026,https://doi.org/10.1109/iccps68698.2026.00020,,,,False,unknown,False,,2
https://openalex.org/W2115802893,HyLTL: a temporal logic for model checking hybrid systems,2013,https://doi.org/10.4204/eptcs.124.8,1308.5336,https://export.arxiv.org/e-print/1308.5336,Electronic Proceedings in Theoretical Computer Science,True,cc-by-nc-nd,False,https://doi.org/10.4204/eptcs.124.8,17
https://openalex.org/W1134528556,Parameter Synthesis Through Temporal Logic Specifications,2015,https://doi.org/10.1007/978-3-319-19249-9_14,,,Lecture notes in computer science,False,unknown,False,,14
https://openalex.org/W2898623289,Opportunities and Challenges in Monitoring Cyber-Physical Systems Security,2018,https://doi.org/10.1007/978-3-030-03427-6_2,,,Lecture notes in computer science,False,unknown,False,,13
https://openalex.org/W155131646,An Introduction to Multi-Valued Model Checking,2005,,,,,False,unknown,False,,12
https://openalex.org/W2338031113,Efficient modeling and verification of analog/mixed-signal circuits using labeled hybrid petri nets,2008,,,,,False,unknown,False,,12
https://openalex.org/W2887757675,A Toolchain for Verifying Safety Properties of Hybrid Automata via Pattern Templates,2018,https://doi.org/10.23919/acc.2018.8431324,,,,False,unknown,False,,12
https://openalex.org/W2052868267,Bounded Model Checking of Hybrid Systems for Control,2015,https://doi.org/10.1109/tac.2015.2417839,,,IEEE Transactions on Automatic Control,False,unknown,False,,11
https://openalex.org/W2766749678,Robust Model Predictive Control with Signal Temporal Logic constraints for Barcelona Wastewater System,2017,https://doi.org/10.1016/j.ifacol.2017.08.618,,,IFAC-PapersOnLine,True,unknown,False,https://doi.org/10.1016/j.ifacol.2017.08.618,11
https://openalex.org/W2806963431,DAMON: A Data Authenticity Monitoring System for Diabetes Management,2018,https://doi.org/10.1109/iotdi.2018.00013,,,,False,unknown,False,,11
https://openalex.org/W3024720992,Mining Environment Assumptions for Cyber-Physical System Models,2020,https://doi.org/10.1109/iccps48487.2020.00016,2005.08435,https://export.arxiv.org/e-print/2005.08435,,True,unknown,False,https://arxiv.org/pdf/2005.08435,11
https://openalex.org/W1510763201,Timing Tolerances in Safety-Critical Software,2005,https://doi.org/10.1007/11526841_12,,,Lecture notes in computer science,False,unknown,False,,10
https://openalex.org/W2559854331,Fast Safe Mission Plans for Autonomous Vehicles,2016,,,,Robotics: Science and Systems,False,unknown,False,,10
https://openalex.org/W2626784874,Active Sampling-Based Binary Verification of Dynamical Systems,2018,https://doi.org/10.2514/6.2018-1107,1706.04268,https://export.arxiv.org/e-print/1706.04268,"2018 AIAA Guidance, Navigation, and Control Conference",True,unknown,False,https://arxiv.org/pdf/1706.04268,10
https://openalex.org/W2948990026,Model Checking HPnGs in Multiple Dimensions: Representing State Sets as Convex Polytopes,2019,https://doi.org/10.1007/978-3-030-21759-4_9,,,Lecture notes in computer science,True,cc-by,True,https://inria.hal.science/hal-02313740,10
https://openalex.org/W2970458171,Online Quantitative Timed Pattern Matching with Semiring-Valued Weighted Automata,2019,https://doi.org/10.1007/978-3-030-29662-9_1,,,Lecture notes in computer science,False,unknown,False,,10
https://openalex.org/W1570669451,On the Complexity of Temporal-Logic Path Checking,2014,https://doi.org/10.1007/978-3-662-43951-7_8,,,Lecture notes in computer science,False,unknown,False,,9
https://openalex.org/W1991079660,Synchronizing AMS Assertions with AMS Simulation,2012,https://doi.org/10.1145/2348839.2348842,,,ACM Transactions on Design Automation of Electronic Systems,False,unknown,False,,9
https://openalex.org/W2196453958,Assertion-based monitoring in practice – Checking correctness of an automotive sensor interface,2015,https://doi.org/10.1016/j.scico.2015.11.002,,,Science of Computer Programming,True,unknown,False,https://www.sciencedirect.com/science/article/pii/S0167642315003512/pdf,9
https://openalex.org/W2268090601,Monitoring Temporal Properties Using Interval Analysis,2016,https://doi.org/10.1587/transfun.e99.a.442,1602.02387,https://export.arxiv.org/e-print/1602.02387,IEICE Transactions on Fundamentals of Electronics Communications and Computer Sciences,True,unknown,False,https://arxiv.org/pdf/1602.02387,9
https://openalex.org/W2884790503,Hierarchical System Design with Vertical Contracts,2018,https://doi.org/10.1007/978-3-319-95246-8_22,,,Lecture notes in computer science,False,unknown,False,,9
https://openalex.org/W3023093582,Language-Guided Sampling-based Planning using Temporal Relaxation,2020,https://doi.org/10.1007/978-3-030-43089-4_9,,,Springer proceedings in advanced robotics,False,unknown,False,,9
https://openalex.org/W3095904755,A Model-Based Approach to Dynamic Self-assessment for Automated Performance and Safety Awareness of Cyber-Physical Systems,2017,https://doi.org/10.1007/978-3-319-64119-5_15,,,Lecture notes in computer science,True,other-oa,False,http://urn.kb.se/resolve?urn=urn:nbn:se:kth:diva-215952,9
https://openalex.org/W4213030681,ScRATCHS: Scalable and Robust Algorithms for Task-Based Coordination from High-Level Specifications,2022,https://doi.org/10.1007/978-3-030-95459-8_14,,,Springer proceedings in advanced robotics,False,unknown,False,,9
https://openalex.org/W2161425891,Incorporating local variables in mixed-signal assertions,2009,https://doi.org/10.1109/tencon.2009.5396176,,,,False,unknown,False,,8
https://openalex.org/W2741836388,ARCH-COMP17 Category Report: Preliminary Results on the Falsification Benchmarks,2018,https://doi.org/10.29007/wmf5,,,EPiC series in computing,True,unknown,False,https://easychair.org/publications/open/HxQ,8
https://openalex.org/W2783139992,Objective functions for falsification of signal temporal logic properties in cyber-physical systems,2017,https://doi.org/10.1109/coase.2017.8256285,,,,False,unknown,False,,8
https://openalex.org/W2786726354,On the Evaluation and Comparison of Runtime Verification Tools for Hardware and Cyber-Physical Systems,2018,https://doi.org/10.29007/pld3,,,Kalpa publications in computing,True,unknown,False,https://easychair.org/publications/open/877G,8
https://openalex.org/W2896212210,Formal interpretation of cyber-physical system performance with temporal logic,2018,https://doi.org/10.1080/23335777.2018.1510857,,,Cyber-Physical Systems,False,unknown,False,,8
https://openalex.org/W2969350273,ParetoLib: A Python Library for Parameter Synthesis,2019,https://doi.org/10.1007/978-3-030-29662-9_7,,,Lecture notes in computer science,True,other-oa,False,https://hal.science/hal-05199214,8
https://openalex.org/W3184406940,Testing Cyber–Physical Systems Using a Line-Search Falsification Method,2021,https://doi.org/10.1109/tcad.2021.3110740,,,IEEE Transactions on Computer-Aided Design of Integrated Circuits and Systems,True,unknown,False,https://research.chalmers.se/publication/526076/file/526076_Fulltext.pdf,8
https://openalex.org/W1578361860,Creation and Evaluation of Formal Specifications for System-of-Systems Development,2006,https://doi.org/10.1109/icsmc.2005.1571418,,,,False,unknown,False,,7
https://openalex.org/W2404261600,Learning and Designing Stochastic Processes from Logical Constraints,2015,https://doi.org/10.2168/lmcs-11(2:3)2015,1501.05588,https://export.arxiv.org/e-print/1501.05588,Logical Methods in Computer Science,True,unknown,False,https://lmcs.episciences.org/1563/pdf,7
https://openalex.org/W2568545994,Formal synthesis of control strategies for dynamical systems,2016,https://doi.org/10.1109/cdc.2016.7798782,,,,False,unknown,False,,7
https://openalex.org/W2740477033,Combining the Temporal and Epistemic Dimensions for MTL Monitoring,2017,https://doi.org/10.1007/978-3-319-65765-3_12,,,Lecture notes in computer science,False,unknown,False,,7
https://openalex.org/W2752140520,Signal Clustering Using Temporal Logics,2017,https://doi.org/10.1007/978-3-319-67531-2_8,,,Lecture notes in computer science,False,unknown,False,,7
https://openalex.org/W2753454633,Causality-Aided Falsification,2017,https://doi.org/10.4204/eptcs.257.2,1709.02555,https://export.arxiv.org/e-print/1709.02555,Electronic Proceedings in Theoretical Computer Science,True,cc-by-nc-nd,False,https://doi.org/10.4204/eptcs.257.2,7
https://openalex.org/W2885021537,Moore-Machine Filtering for Timed and Untimed Pattern Matching,2018,https://doi.org/10.1109/tcad.2018.2857358,1810.09633,https://export.arxiv.org/e-print/1810.09633,IEEE Transactions on Computer-Aided Design of Integrated Circuits and Systems,True,unknown,False,https://arxiv.org/pdf/1810.09633,7
https://openalex.org/W2885836124,Hierarchical Control via an Approximate Aggregate Manifold,2018,https://doi.org/10.23919/acc.2018.8431887,,,,False,unknown,False,,7
https://openalex.org/W2922682149,Fly-by-Logic: A Tool for Unmanned Aircraft System Fleet Planning Using Temporal Logic,2019,https://doi.org/10.1007/978-3-030-20652-9_24,,,Lecture notes in computer science,False,unknown,False,,7
https://openalex.org/W3020860886,Signal Temporal Logic Control for Residential HVAC Systems to Accommodate High Solar PV Penetration,2020,https://doi.org/10.1109/isgt45199.2020.9087722,,,,True,unknown,False,https://www.osti.gov/servlets/purl/1632097,7
https://openalex.org/W4296900117,Abstract Monitors for Quantitative Specifications,2022,https://doi.org/10.1007/978-3-031-17196-3_11,,,Lecture notes in computer science,True,cc-by,True,https://link.springer.com/content/pdf/10.1007/978-3-031-17196-3_11.pdf,7
https://openalex.org/W4390396230,Synthesizing Efficiently Monitorable Formulas in Metric Temporal Logic,2023,https://doi.org/10.1007/978-3-031-50521-8_13,,,Lecture notes in computer science,False,unknown,False,,7
https://openalex.org/W1504065953,A New Assertion Property Language for Analog/Mixed-Signal Circuits,2014,https://doi.org/10.1007/978-3-319-06317-1_3,,,Lecture notes in electrical engineering,False,unknown,False,,6
https://openalex.org/W2743132191,Spatially–temporally online fault detection using timed multivariate statistical logic,2017,https://doi.org/10.1016/j.engappai.2017.06.013,,,Engineering Applications of Artificial Intelligence,False,unknown,False,,6
https://openalex.org/W2939020876,Local Descent for Temporal Logic Falsification of Cyber-Physical Systems,2019,https://doi.org/10.1007/978-3-030-17910-6_2,,,Lecture notes in computer science,False,unknown,False,,6
https://openalex.org/W2969606082,Mixed-Time Signal Temporal Logic,2019,https://doi.org/10.1007/978-3-030-29662-9_4,,,Lecture notes in computer science,False,unknown,False,,6
https://openalex.org/W2980216488,Parallel parameter synthesis algorithm for hybrid CTL,2019,https://doi.org/10.1016/j.scico.2019.102321,,,Science of Computer Programming,True,unknown,False,https://doi.org/10.1016/j.scico.2019.102321,6
https://openalex.org/W2530949013,Underminer,2016,https://doi.org/10.1145/2968478.2968487,,,,True,unknown,False,http://dl.acm.org/ft_gateway.cfm?id=2968487&type=pdf,5
https://openalex.org/W2751631539,HySIA: Tool for Simulating and Monitoring Hybrid Automata Based on Interval Analysis,2017,https://doi.org/10.1007/978-3-319-67531-2_23,1712.00570,https://export.arxiv.org/e-print/1712.00570,Lecture notes in computer science,True,unknown,False,https://arxiv.org/pdf/1712.00570,5
https://openalex.org/W2757952180,Closed-Loop Statistical Verification of Stochastic Nonlinear Systems Subject to Parametric Uncertainties,2018,https://doi.org/10.23919/acc.2018.8431742,1709.06645,https://export.arxiv.org/e-print/1709.06645,,True,unknown,False,https://arxiv.org/pdf/1709.06645,5
https://openalex.org/W2785236715,Three-Valued Spatio-Temporal Logic: A Further Analysis on Spatio-Temporal Properties of Stochastic Systems,2017,https://doi.org/10.1007/978-3-319-66335-7_22,,,Lecture notes in computer science,True,other-oa,False,https://www.research.ed.ac.uk/en/publications/3f552454-de62-4748-b16b-14df1a059822,5
https://openalex.org/W2885185560,Active Sampling for Closed-Loop Statistical Verification of Uncertain Nonlinear Systems,2018,https://doi.org/10.23919/acc.2018.8431662,,,,False,unknown,False,,5
https://openalex.org/W2895557151,Formal Feature Interpretation of Hybrid Systems,2018,https://doi.org/10.1109/tcad.2018.2857361,1711.00669,https://export.arxiv.org/e-print/1711.00669,IEEE Transactions on Computer-Aided Design of Integrated Circuits and Systems,True,unknown,False,https://arxiv.org/pdf/1711.00669,5
https://openalex.org/W2963268029,Time-Staging Enhancement of Hybrid System Falsification,2018,https://doi.org/10.1109/mt-cps.2018.00008,,,,False,unknown,False,,5
https://openalex.org/W3022327521,Conformance-Based Doping Detection for Cyber-Physical Systems,2020,https://doi.org/10.1007/978-3-030-50086-3_4,,,Lecture notes in computer science,True,cc-by,True,https://link.springer.com/content/pdf/10.1007%2F978-3-030-50086-3_4.pdf,5
https://openalex.org/W3091805220,Monitoring Spatio-Temporal Properties (Invited Tutorial),2020,https://doi.org/10.1007/978-3-030-60508-7_2,,,Lecture notes in computer science,False,unknown,False,,5
https://openalex.org/W3122631132,"Learning-‘N-Flying: A Learning-Based, Decentralized Mission-Aware UAS Collision Avoidance Scheme",2021,https://doi.org/10.1145/3447624,2101.10404,https://export.arxiv.org/e-print/2101.10404,ACM Transactions on Cyber-Physical Systems,True,cc-by,True,https://arxiv.org/pdf/2101.10404,5
https://openalex.org/W3207803575,Reachability-based Control Synthesis under Signal Temporal Logic Specifications,2022,https://doi.org/10.23919/acc53348.2022.9867813,,,2022 American Control Conference (ACC),True,other-oa,False,http://hdl.handle.net/2078.1/260448,5
https://openalex.org/W4281651141,Oblivious Online Monitoring for Safety LTL Specification via Fully Homomorphic Encryption,2022,https://doi.org/10.1007/978-3-031-13185-1_22,,,Lecture notes in computer science,True,cc-by,True,https://link.springer.com/content/pdf/10.1007/978-3-031-13185-1_22.pdf,5
https://openalex.org/W4285505562,A Hierarchical Learning Approach to Autonomous Driving Using Rule Specifications,2022,https://doi.org/10.1109/access.2022.3191434,,,IEEE Access,True,cc-by-nc-nd,False,https://ieeexplore.ieee.org/ielx7/6287639/6514899/09830743.pdf,5
https://openalex.org/W4287819372,Differentially Private Algorithms for Statistical Verification of Cyber-Physical Systems,2022,https://doi.org/10.1109/ojcsys.2022.3207108,,,IEEE Open Journal of Control Systems,True,cc-by-nc-nd,False,https://ieeexplore.ieee.org/ielx7/9552933/9712344/09893303.pdf,5
https://openalex.org/W4315471890,Contract-Based Control Synthesis with Barrier Functions for Vehicular Mission Planning,2022,https://doi.org/10.1109/cdc51059.2022.9992999,,,2022 IEEE 61st Conference on Decision and Control (CDC),False,unknown,False,,5
https://openalex.org/W4382050768,A Signal Temporal Logic Planner for Ergonomic Human–Robot Collaboration,2023,https://doi.org/10.1109/icuas57906.2023.10156559,2306.09781,https://export.arxiv.org/e-print/2306.09781,,True,other-oa,False,https://research.utwente.nl/en/publications/53630631-1e08-4575-9ab7-8da241808545,5
https://openalex.org/W4385451830,Preferences on Partial Satisfaction using Weighted Signal Temporal Logic Specifications,2023,https://doi.org/10.23919/ecc57647.2023.10178201,,,,False,unknown,False,,5
https://openalex.org/W4386574778,Mining Hyperproperties using Temporal Logics,2023,https://doi.org/10.1145/3609394,,,ACM Transactions on Embedded Computing Systems,True,other-oa,False,https://dl.acm.org/doi/pdf/10.1145/3609394,5
https://openalex.org/W4387377406,A compositional framework for algebraic quantitative online monitoring over continuous-time signals,2023,https://doi.org/10.1007/s10009-023-00719-w,,,International Journal on Software Tools for Technology Transfer,False,unknown,False,,5
https://openalex.org/W4389671890,Shielded Learning for Resilience and Performance Based on Statistical Model Checking in Simulink,2023,https://doi.org/10.1007/978-3-031-46002-9_6,,,Lecture notes in computer science,False,unknown,False,,5
https://openalex.org/W1919162182,Enhanced Quality Using Intensive Test and Analysis on Simulators,2015,https://doi.org/10.1109/dsd.2015.17,,,,False,unknown,False,,4
https://openalex.org/W2024166000,Using haloes in mixed-signal assertion based verification,2012,https://doi.org/10.1109/hldvt.2012.6418242,,,,False,unknown,False,,4
https://openalex.org/W2136185241,A logic of behaviour in context,2014,https://doi.org/10.1016/j.ic.2014.01.009,,,Information and Computation,True,cc-by,True,https://doi.org/10.1016/j.ic.2014.01.009,4
https://openalex.org/W2270201672,CPSGrader: Auto-Grading and Feedback Generation for Cyber-Physical Systems Education,2014,,,,,False,unknown,False,,4
https://openalex.org/W2888866111,Generating Dominant Strategies for Continuous Two-Player Zero-Sum Games,2018,https://doi.org/10.1016/j.ifacol.2018.08.002,,,IFAC-PapersOnLine,True,unknown,False,https://doi.org/10.1016/j.ifacol.2018.08.002,4
https://openalex.org/W3193889020,Machine Learning-Based Fault Injection for Hazard Analysis and Risk Assessment,2021,https://doi.org/10.1007/978-3-030-83903-1_12,,,Lecture notes in computer science,False,unknown,False,,4
https://openalex.org/W3209004540,Towards Partial Monitoring: It is Always too Soon to Give Up,2021,https://doi.org/10.4204/eptcs.348.3,2110.12585,https://export.arxiv.org/e-print/2110.12585,Electronic Proceedings in Theoretical Computer Science,True,cc-by,True,https://arxiv.org/pdf/2110.12585,4
https://openalex.org/W4200221099,Sampling of shape expressions with ShapEx,2021,https://doi.org/10.1145/3487212.3487350,,,,True,other-oa,False,https://hal.science/hal-03477783,4
https://openalex.org/W4294690582,Risk-Bounded Temporal Logic Control of Continuous-Time Stochastic Systems,2022,https://doi.org/10.23919/acc53348.2022.9867734,,,2022 American Control Conference (ACC),False,unknown,False,,4
https://openalex.org/W4312121070,Quantitative Verification and Design Space Exploration under Uncertainty with Parametric Stochastic Contracts,2022,https://doi.org/10.1145/3508352.3549446,,,,True,cc-by,True,https://dl.acm.org/doi/pdf/10.1145/3508352.3549446,4
https://openalex.org/W4312281865,Search-based Testing for Accurate Fault Localization in CPS,2022,https://doi.org/10.1109/issre55969.2022.00024,,,,False,unknown,False,,4
https://openalex.org/W4368283215,stohMCharts: A Modeling Framework for Quantitative Performance Evaluation of Cyber-Physical-Social Systems,2023,https://doi.org/10.1109/access.2023.3272672,,,IEEE Access,True,cc-by-nc-nd,False,https://ieeexplore.ieee.org/ielx7/6287639/10005208/10114942.pdf,4
https://openalex.org/W4375852061,Wordgen : a Timed word Generation Tool,2023,https://doi.org/10.1145/3575870.3587116,,,,True,unknown,False,https://dl.acm.org/doi/pdf/10.1145/3575870.3587116,4
https://openalex.org/W4380737750,Monitors That Learn From Failures: Pairing STL and Genetic Programming,2023,https://doi.org/10.1109/access.2023.3277620,,,IEEE Access,True,cc-by,True,https://ieeexplore.ieee.org/ielx7/6287639/10005208/10129205.pdf,4
https://openalex.org/W4382935791,Runtime Assurance from Signal Temporal Logic Safety Specifications,2023,https://doi.org/10.23919/acc55779.2023.10156487,,,,False,unknown,False,,4
https://openalex.org/W4385730902,Causal Repair of Learning-Enabled Cyber-Physical Systems,2023,https://doi.org/10.1109/icaa58325.2023.00009,,,,False,unknown,False,,4
https://openalex.org/W4389476224,Robust Testing for Cyber-Physical Systems using Reinforcement Learning,2023,https://doi.org/10.1145/3610579.3611087,,,,True,cc-by,True,https://dl.acm.org/doi/pdf/10.1145/3610579.3611087,4
https://openalex.org/W4402366853,ECATS: Explainable-by-Design Concept-Based Anomaly Detection for Time Series,2024,https://doi.org/10.1007/978-3-031-71170-1_16,,,Lecture notes in computer science,False,unknown,False,,4
https://openalex.org/W1990350596,Improving HyLTL model checking of hybrid systems,2013,https://doi.org/10.4204/eptcs.119.9,1307.4470,https://export.arxiv.org/e-print/1307.4470,Electronic Proceedings in Theoretical Computer Science,True,cc-by-nc-nd,False,https://arxiv.org/pdf/1307.4470,3
https://openalex.org/W2945603833,From LTL to rLTL monitoring: improved monitorability through robust semantics,2021,https://doi.org/10.1007/s10703-022-00398-4,,,Formal Methods in System Design,True,cc-by,True,https://link.springer.com/content/pdf/10.1007/s10703-022-00398-4.pdf,3
https://openalex.org/W3108751660,A spatio-temporal specification language and its completeness & decidability,2020,https://doi.org/10.1186/s13677-020-00209-3,,,Journal of Cloud Computing Advances Systems and Applications,True,cc-by,True,https://link.springer.com/content/pdf/10.1186/s13677-020-00209-3.pdf,3
https://openalex.org/W3116681538,Formal Modeling and Performance Evaluation for Hybrid Systems: A Probabilistic Hybrid Process Algebra-Based Approach,2022,https://doi.org/10.1142/s0218194022500103,,,International Journal of Software Engineering and Knowledge Engineering,False,unknown,False,,3
https://openalex.org/W4200176001,Finite-Memory Supervisory Control of Discrete Event Systems for LTL[$\mathcal {F}$] Specifications,2021,https://doi.org/10.1109/tac.2021.3139221,,,IEEE Transactions on Automatic Control,False,unknown,False,,3
https://openalex.org/W4226151966,On the Detection of Doped Software by Falsification,2022,https://doi.org/10.1007/978-3-030-99429-7_4,,,Lecture notes in computer science,True,cc-by,True,https://link.springer.com/content/pdf/10.1007/978-3-030-99429-7_4.pdf,3
https://openalex.org/W4293057250,A Robustness-Based Confidence Measure for Hybrid System Falsification,2022,https://doi.org/10.1109/tcad.2022.3201157,,,IEEE Transactions on Computer-Aided Design of Integrated Circuits and Systems,True,cc-by,True,https://ieeexplore.ieee.org/ielx7/43/6917053/09867937.pdf,3
https://openalex.org/W4312902212,Optimal Control of Colored Timed Petri Nets Under Generalized Mutual Exclusion Temporal Constraints,2022,https://doi.org/10.1109/access.2022.3216043,,,IEEE Access,True,cc-by,True,https://ieeexplore.ieee.org/ielx7/6287639/9668973/09925234.pdf,3
https://openalex.org/W4317651337,State-Estimation-Aware Planning for Autonomous Systems with Temporal Logic Specifications,2023,https://doi.org/10.2514/6.2023-2665,,,AIAA SCITECH 2023 Forum,False,unknown,False,,3
https://openalex.org/W4319068987,Finite-Horizon Shield for Path Planning Ensuring Safety/Co-Safety Specifications and Security Policies,2023,https://doi.org/10.1109/access.2023.3241946,,,IEEE Access,True,cc-by,True,https://ieeexplore.ieee.org/ielx7/6287639/10005208/10035993.pdf,3
https://openalex.org/W4381198977,Exploiting Invariance Properties to Certify Always and Eventually Signal Temporal Logic Operators for Hybrid Dynamical Systems,2023,https://doi.org/10.1109/lcsys.2023.3287244,,,IEEE Control Systems Letters,False,unknown,False,,3
https://openalex.org/W4389208164,Bounded model checking for interval probabilistic timed graph transformation systems against properties of probabilistic metric temporal graph logic,2023,https://doi.org/10.1016/j.jlamp.2023.100938,,,Journal of Logical and Algebraic Methods in Programming,False,unknown,False,,3
https://openalex.org/W4390189711,Resilience of Industrial Control Systems Using Signal Temporal Logic And Autotuning Mechanism,2023,https://doi.org/10.1109/dasc/picom/cbdcom/cy59711.2023.10361314,,,,False,unknown,False,,3
https://openalex.org/W4390636174,A Dual-Layer Network Deep Reinforcement Learning Algorithm for Multi-objective Signal Temporal Logic Tasks,2024,https://doi.org/10.1007/s00034-023-02581-2,,,Circuits Systems and Signal Processing,False,unknown,False,,3
https://openalex.org/W4391947103,Temporal Relaxation of STL Specifications in Distributed Multi-Agent Systems,2023,https://doi.org/10.1109/oncon60463.2023.10431042,,,,False,unknown,False,,3
https://openalex.org/W4399032625,Safe Planning Through Incremental Decomposition of Signal Temporal Logic Specifications,2024,https://doi.org/10.1007/978-3-031-60698-4_23,,,Lecture notes in computer science,False,unknown,False,,3
https://openalex.org/W4399357139,Multiple tasks control of nonlinear systems under signal temporal logic and its application to mobile robots,2024,https://doi.org/10.1002/rnc.7478,,,International Journal of Robust and Nonlinear Control,True,unknown,False,https://onlinelibrary.wiley.com/doi/pdfdirect/10.1002/rnc.7478,3
https://openalex.org/W4399462319,Specification and Verification of Multi-Clock Systems Using a Temporal Logic with Clock Constraints,2024,https://doi.org/10.1145/3670794,,,Formal Aspects of Computing,True,cc-by,True,https://inria.hal.science/hal-04750634,3
https://openalex.org/W4400189298,Repairing Learning-Enabled Controllers While Preserving What Works,2024,https://doi.org/10.1109/iccps61052.2024.00007,,,,False,unknown,False,,3
https://openalex.org/W4401416275,Multi-robot Human-in-the-loop Control under Spatiotemporal Specifications,2024,https://doi.org/10.1109/icra57147.2024.10610123,,,,True,other-oa,False,https://kth.diva-portal.org/smash/get/diva2:1899217/FULLTEXT01,3
https://openalex.org/W4402029540,Retrieval-Augmented Mining of Temporal Logic Specifications from Data,2024,https://doi.org/10.1007/978-3-031-70368-3_19,,,Lecture notes in computer science,False,unknown,False,,3
https://openalex.org/W4402496627,Switching Controller Synthesis for Hybrid Systems Against STL Formulas,2024,https://doi.org/10.1007/978-3-031-71177-0_15,,,Lecture notes in computer science,True,cc-by,True,https://link.springer.com/content/pdf/10.1007/978-3-031-71177-0_15.pdf,3
https://openalex.org/W4404370955,A Two-Level Control Algorithm for Autonomous Driving in Urban Environments,2024,https://doi.org/10.1109/tits.2024.3486557,,,IEEE Transactions on Intelligent Transportation Systems,False,unknown,False,,3
https://openalex.org/W4405871132,Systematic Translation from Natural Language Robot Task Descriptions to STL,2024,https://doi.org/10.1007/978-3-031-75434-0_18,,,Lecture notes in computer science,False,unknown,False,,3
https://openalex.org/W4405938600,CBF-Based STL Motion Planning for Social Navigation in Crowded Environment,2024,https://doi.org/10.1007/978-3-031-76428-8_23,,,Springer proceedings in advanced robotics,False,unknown,False,,3
https://openalex.org/W4407951572,Distributionally Robust Control for Chance-Constrained Signal Temporal Logic Specifications,2024,https://doi.org/10.1109/cdc56724.2024.10886437,,,,False,unknown,False,,3
https://openalex.org/W4408696913,Interaction-Aware Trajectory Repair in Compliance with Formalized Traffic Rules,2024,https://doi.org/10.1109/itsc58415.2024.10920252,,,,False,unknown,False,,3
https://openalex.org/W4409974442,Formally Verifying a Transformation from MLTL Formulas to Regular Expressions,2025,https://doi.org/10.1007/978-3-031-90643-5_13,,,Lecture notes in computer science,True,cc-by,True,https://link.springer.com/content/pdf/10.1007/978-3-031-90643-5_13.pdf,3
https://openalex.org/W4413499266,Cumulative-Time Signal Temporal Logic,2025,https://doi.org/10.1145/3763237,,,ACM Transactions on Embedded Computing Systems,True,cc-by,True,https://dl.acm.org/doi/pdf/10.1145/3763237,3
https://openalex.org/W3109768836,Distributed Receding Horizon Control for Multi-agent Systems with Conflicting Siganl Temporal Logic Tasks,2020,https://doi.org/10.1109/iai50351.2020.9262171,,,,False,unknown,False,,2
https://openalex.org/W3200451362,Constrained Optimization for Hybrid System Falsification and Application to Conjunctive Synthesis,2021,https://doi.org/10.1016/j.ifacol.2021.08.501,,,IFAC-PapersOnLine,True,unknown,False,https://doi.org/10.1016/j.ifacol.2021.08.501,2
https://openalex.org/W4287846105,Implicit Fixed-Time Convergence ISS Safe Control Barrier Functions for Signal Temporal Logic Tasks,2022,https://doi.org/10.1109/icca54724.2022.9831835,,,,False,unknown,False,,2
https://openalex.org/W4385451853,Temporal Waypoint Navigation of Multi-UAV Payload System using Barrier Functions,2023,https://doi.org/10.23919/ecc57647.2023.10178340,,,,False,unknown,False,,2
https://openalex.org/W4386858766,A Novel Logic-Based Adaptive Monitoring for Composite Edge Services,2023,https://doi.org/10.1109/icws60048.2023.00050,,,,True,cc-by-nc-nd,False,https://hal.science/hal-04376886,2
https://openalex.org/W4388697605,Towards Proved Formal Specification and Verification of STL Operators as Synchronous Observers,2023,https://doi.org/10.4204/eptcs.395.14,2311.09788,https://export.arxiv.org/e-print/2311.09788,Electronic Proceedings in Theoretical Computer Science,True,cc-by-nc-nd,False,https://eptcs.web.cse.unsw.edu.au/paper.cgi?FMAS2023.14.pdf,2
https://openalex.org/W4389315149,Reinforcement Learning with Temporal Logic Specifications for Regression Testing NPCs in Video Games,2023,https://doi.org/10.1109/cog57401.2023.10333208,,,,False,unknown,False,,2
https://openalex.org/W4389371152,Sampling-Based Reactive Synthesis for Nondeterministic Hybrid Systems,2023,https://doi.org/10.1109/lra.2023.3340029,2304.06876,https://export.arxiv.org/e-print/2304.06876,IEEE Robotics and Automation Letters,True,unknown,False,https://arxiv.org/pdf/2304.06876,2
https://openalex.org/W4389776394,Online Modifications for Event-Based Signal Temporal Logic Specifications,2023,https://doi.org/10.1109/lra.2023.3343597,,,IEEE Robotics and Automation Letters,False,unknown,False,,2
https://openalex.org/W4392188974,Reinforcement Learning for Signal Temporal Logic using Funnel-Based Approach,2023,https://doi.org/10.1109/icc61519.2023.10442833,,,,False,unknown,False,,2
https://openalex.org/W4399032614,Contract-Driven Runtime Adaptation,2024,https://doi.org/10.1007/978-3-031-60698-4_17,,,Lecture notes in computer science,False,unknown,False,,2
https://openalex.org/W4400189284,Vulnerability Analysis for Safe Reinforcement Learning in Cyber-Physical Systems,2024,https://doi.org/10.1109/iccps61052.2024.00014,,,,False,unknown,False,,2
https://openalex.org/W4400946192,Distributed Sequential Receding Horizon Control of Multi-Agent Systems Under Recurring Signal Temporal Logic,2024,https://doi.org/10.23919/ecc64448.2024.10590994,,,,False,unknown,False,,2
https://openalex.org/W4401414158,An Iterative Approach for Heterogeneous Multi-Agent Route Planning with Temporal Logic Goals and Travel Duration Uncertainty,2024,https://doi.org/10.1109/icra57147.2024.10611519,,,,False,unknown,False,,2
https://openalex.org/W4402265231,Time-Robust Path Planning with Piece-Wise Linear Trajectory for Signal Temporal Logic Specifications,2024,https://doi.org/10.23919/acc60939.2024.10644604,,,,False,unknown,False,,2
https://openalex.org/W4402557418,Testing cyber-physical systems with explicit output coverage,2024,https://doi.org/10.1109/icstw60967.2024.00036,,,,False,unknown,False,,2
https://openalex.org/W4402994369,Model Predictive Control of Spatially Distributed Systems with Spatio-Temporal Logic Specifications,2024,https://doi.org/10.3390/computation12100196,,,Computation,True,cc-by,True,https://www.mdpi.com/2079-3197/12/10/196/pdf?version=1727674680,2
https://openalex.org/W4403317841,"Dynamic, Multi-objective Specification and Falsification of Autonomous CPS",2024,https://doi.org/10.1007/978-3-031-74234-7_3,,,Lecture notes in computer science,False,unknown,False,,2
https://openalex.org/W4403407377,Multimodal Model Predictive Runtime Verification for Safety of Autonomous Cyber-Physical Systems,2024,https://doi.org/10.1007/978-3-031-68150-9_13,,,Lecture notes in computer science,False,unknown,False,,2
https://openalex.org/W4403775048,QuAK: Quantitative Automata Kit,2024,https://doi.org/10.1007/978-3-031-75387-9_1,,,Lecture notes in computer science,True,cc-by,True,https://link.springer.com/content/pdf/10.1007/978-3-031-75387-9_1.pdf,2
https://openalex.org/W4405262522,A two-stage distributed receding horizon control for persistent monitoring tasks with monitoring count requirements,2024,https://doi.org/10.1080/00207721.2024.2440104,,,International Journal of Systems Science,False,unknown,False,,2
https://openalex.org/W4405440118,Model Predictive Control for Systems With Partially Unknown Dynamics Under Signal Temporal Logic Specifications,2024,https://doi.org/10.1109/lcsys.2024.3519034,,,IEEE Control Systems Letters,False,unknown,False,,2
https://openalex.org/W4405786861,Signal Temporal Logic-Guided Apprenticeship Learning,2024,https://doi.org/10.1109/iros58592.2024.10801924,,,,False,unknown,False,,2
https://openalex.org/W4407949213,Robust STL Control Synthesis under Maximal Disturbance Sets,2024,https://doi.org/10.1109/cdc56724.2024.10886238,,,,False,unknown,False,,2
https://openalex.org/W4407950416,Interval Signal Temporal Logic for Robust Optimal Control,2024,https://doi.org/10.1109/cdc56724.2024.10886444,,,,False,unknown,False,,2
https://openalex.org/W4407951071,Decentralized Control of Multi-Agent Systems Under Acyclic Spatio-Temporal Task Dependencies,2024,https://doi.org/10.1109/cdc56724.2024.10885877,,,,False,unknown,False,,2
https://openalex.org/W4408024820,Falsification of Cyber-physical Systems Using Bayesian Optimization,2025,https://doi.org/10.1145/3711922,,,ACM Transactions on Embedded Computing Systems,False,unknown,False,,2
https://openalex.org/W4409691421,Scalable and reliable stochastic parametric verification with stochastic variational smoothed model checking,2025,https://doi.org/10.1080/00207721.2025.2490618,,,International Journal of Systems Science,False,unknown,False,,2
https://openalex.org/W4410152199,Safety Monitoring for Learning-Enabled Cyber-Physical Systems in Out-of-Distribution Scenarios,2025,https://doi.org/10.1145/3716550.3722022,,,,True,unknown,False,https://dl.acm.org/doi/pdf/10.1145/3716550.3722022,2
https://openalex.org/W4410555906,ProbStar Temporal Logic for Verifying Complex Behaviors of Learning-enabled Systems,2025,https://doi.org/10.1145/3716863.3718035,,,,True,unknown,False,https://dl.acm.org/doi/pdf/10.1145/3716863.3718035,2
https://openalex.org/W4410771094,A Cooperative Multi-Uav Framework for Bridge Inspection,2025,https://doi.org/10.1109/icuas65942.2025.11007792,,,,True,cc-by,True,https://doi.org/10.5281/zenodo.21033151,2
https://openalex.org/W4413078630,Distributionally Robust Predictive Runtime Verification under Spatio-Temporal Logic Specifications,2025,https://doi.org/10.1145/3748818,,,ACM Transactions on Cyber-Physical Systems,True,cc-by,True,https://doi.org/10.1145/3748818,2
https://openalex.org/W4413131612,A Tree-Shaped Tableau for Checking the Satisfiability of Signal Temporal Logic with Bounded Temporal Operators,2025,https://doi.org/10.1145/3759917,,,ACM Transactions on Embedded Computing Systems,True,cc-by,True,https://dl.acm.org/doi/pdf/10.1145/3759917,2
https://openalex.org/W4416178261,Toward Open-Source and Modular Space Systems With ATMOS,2025,https://doi.org/10.1109/tfr.2025.3632772,,,IEEE transactions on field robotics.,False,unknown,False,,2
https://openalex.org/W4416778728,Guaranteed Satisfaction of a Signal Temporal Logic Formula on Tubes,2025,https://doi.org/10.14232/actacyb.315054,,,Acta Cybernetica,True,cc-by,True,https://doi.org/10.14232/actacyb.315054,2
https://openalex.org/W2071316168,A formal framework for testing with assertion checkers in mixed-signal simulation,2012,https://doi.org/10.1109/icecs.2012.6463745,,,,False,unknown,False,,1
https://openalex.org/W4394687223,STEAM & MoSAFE: SOTIF Error-and-Failure Model & Analysis for AI-Enabled Driving Automation,2024,https://doi.org/10.4271/2024-01-2643,,,SAE International Journal of Advances and Current Practices in Mobility,True,cc-by,True,https://doi.org/10.4271/2024-01-2643,1
https://openalex.org/W4400188964,Path Planning for Autonomous Vehicle Turning at Intersections with Signal Temporal Logic Specifications,2024,https://doi.org/10.1109/iccae59995.2024.10569917,,,,False,unknown,False,,1
https://openalex.org/W4400527263,Task Formalization for Autonomous Driving Turning at Roundabouts with Signal Temporal Logic Specifications,2024,https://doi.org/10.1109/icccr61138.2024.10585549,,,,False,unknown,False,,1
https://openalex.org/W4401748289,Hand It to Me Formally! Data-Driven Control for Human-Robot Handovers With Signal Temporal Logic,2024,https://doi.org/10.1109/lra.2024.3447476,,,IEEE Robotics and Automation Letters,False,unknown,False,,1
https://openalex.org/W4403317732,Efficient Offline Monitoring for Dynamic Metric Temporal Logic,2024,https://doi.org/10.1007/978-3-031-74234-7_8,,,Lecture notes in computer science,False,unknown,False,,1
https://openalex.org/W4403420158,ARES: Text-Driven Automatic Realistic Simulator for Autonomous Traffic,2024,https://doi.org/10.1109/lsp.2024.3481151,,,IEEE Signal Processing Letters,False,unknown,False,,1
https://openalex.org/W4403792046,Rigorous Engineering of Collective Adaptive Systems Introduction to the 5$$^{\textrm{th}}$$ Track Edition,2024,https://doi.org/10.1007/978-3-031-75107-3_1,,,Lecture notes in computer science,False,unknown,False,,1
https://openalex.org/W4403943776,The ARCH-COMP Friendly Verification Competition for Continuous and Hybrid Systems,2024,https://doi.org/10.1007/978-3-031-67695-6_1,,,Lecture notes in computer science,True,other-oa,False,https://mediatum.ub.tum.de/1766847,1
https://openalex.org/W4407142447,"An adaptive, provable correct simplex architecture",2025,https://doi.org/10.1007/s10009-025-00779-0,,,International Journal on Software Tools for Technology Transfer,True,cc-by,True,https://link.springer.com/content/pdf/10.1007/s10009-025-00779-0.pdf,1
https://openalex.org/W4407950523,Temporal-Logic-Based Causal Fairness Analysis,2024,https://doi.org/10.1109/cdc56724.2024.10885843,,,,False,unknown,False,,1
https://openalex.org/W4408281227,Distributed Predictive Control under Multiple Sub-formula STL Specifications with Temporal Relaxation,2024,https://doi.org/10.1109/iecon55916.2024.10905703,,,,False,unknown,False,,1
https://openalex.org/W4409536572,"Special Session: A Model-Driven Design Tool for Modelling, Simulation and Assertion-Based Verification of Hybrid Automata",2025,https://doi.org/10.1109/lats65346.2025.10963966,,,,False,unknown,False,,1
https://openalex.org/W4410042352,Automating the Analysis of Quantitative Automata with QuAK,2025,https://doi.org/10.1007/978-3-031-90643-5_16,,,Lecture notes in computer science,True,cc-by,True,https://link.springer.com/content/pdf/10.1007/978-3-031-90643-5_16.pdf,1
https://openalex.org/W4410117427,Verification of Stochastic Systems Under Signal Temporal Logic Specifications,2025,https://doi.org/10.1109/lcsys.2025.3567554,,,IEEE Control Systems Letters,False,unknown,False,,1
https://openalex.org/W4411300514,Probabilistic Safety Verification of Distributed Systems: A Statistical Approach for Monitoring,2025,https://doi.org/10.1007/978-3-031-95497-9_7,,,Lecture notes in computer science,False,unknown,False,,1
https://openalex.org/W4411310436,Declarative Process Specifications over Discrete/Continuous Event Data,2025,https://doi.org/10.1007/978-3-031-94571-7_16,,,Lecture notes in computer science,True,cc-by,True,https://bia.unibz.it/esploro/outputs/conferenceProceeding/Declarative-Process-Specifications-over-DiscreteContinuous-Event/991007292453901241,1
https://openalex.org/W4411552124,Parametric Falsification of Many Probabilistic Requirements Under Flakiness,2025,https://doi.org/10.1109/icse55347.2025.00237,,,,True,other-oa,False,https://hdl.handle.net/11311/1297691,1
https://openalex.org/W4413017842,Decomposition-Based MPC for Uncertain Systems With Nested Signal Temporal Logic Specifications,2025,https://doi.org/10.1109/lcsys.2025.3596501,,,IEEE Control Systems Letters,False,unknown,False,,1
https://openalex.org/W4413925923,Scalable Multi-Robot Task Allocation and Coordination Under Signal Temporal Logic Specifications,2025,https://doi.org/10.1109/icra55743.2025.11128245,2503.02719,https://export.arxiv.org/e-print/2503.02719,,True,unknown,False,https://arxiv.org/pdf/2503.02719,1
https://openalex.org/W4414598944,Modular and Online Monitoring of Temporal Logic Specification with Integral and Filter,2025,https://doi.org/10.1007/978-3-032-05435-7_8,,,Lecture notes in computer science,True,other-oa,False,https://link.springer.com/chapter/10.1007/978-3-032-05435-7_8,1
https://openalex.org/W4414892955,Formalizing MLTL Formula Progression in Isabelle/HOL,2025,https://doi.org/10.1007/978-3-032-07021-0_21,,,Lecture notes in computer science,False,unknown,False,,1
https://openalex.org/W4416286854,Bridging Logic and Learning: Decoding Temporal Logic Embeddings via Transformers,2025,https://doi.org/10.1007/978-3-032-06096-9_1,2507.07808,https://export.arxiv.org/e-print/2507.07808,Lecture notes in computer science,True,other-oa,False,https://research.rug.nl/en/publications/a4c7f359-c8ac-4610-a53a-48b93aa13e33,1
https://openalex.org/W7117676522,Control Synthesis of Cyber-Physical Systems for Real-Time Specifications Through Causation-Guided Reinforcement Learning,2025,https://doi.org/10.1109/rtss66672.2025.00034,,,,False,unknown,False,,1
https://openalex.org/W7118045922,Synthesis Tool Suite for Large Stochastic Model,2026,https://doi.org/10.1007/978-3-032-06818-7_19,,,"Lecture notes of the Institute for Computer Sciences, Social Informatics and Telecommunications Engineering",False,unknown,False,,1
https://openalex.org/W7128043572,Aided Requirement Specification for Formal Requirement Validation,2025,https://doi.org/10.1109/isse65546.2025.11370105,,,,False,unknown,False,,1
https://openalex.org/W7128612542,Formal Specification and Control Synthesis of Autonomous Robots Using Rulebooks,2026,https://doi.org/10.1109/tro.2026.3663976,,,IEEE Transactions on Robotics,False,unknown,False,,1
https://openalex.org/W7129236851,Safety-Critical Control Under Timed Reach–Avoid Specifications: A Backup Control Barrier Function Approach,2026,https://doi.org/10.1109/lcsys.2026.3665795,,,IEEE Control Systems Letters,False,unknown,False,,1
https://openalex.org/W7140075673,Efficiently computable temporal robustness for a practical STL fragment,2026,https://doi.org/10.1007/s10009-026-00852-2,,,International Journal on Software Tools for Technology Transfer,True,cc-by,True,https://link.springer.com/content/pdf/10.1007/s10009-026-00852-2.pdf,1
https://openalex.org/W7160294918,ClarifySTL: An Interactive LLM Agent Framework for STL Transformation through Requirements Clarification,2026,https://doi.org/10.1145/3842391,2605.01209,https://export.arxiv.org/e-print/2605.01209,ACM Transactions on Software Engineering and Methodology,True,unknown,False,https://arxiv.org/pdf/2605.01209,1
https://openalex.org/W7162316612,Risk-Aware Rulebooks for Multi-Objective Trajectory Evaluation Under Uncertainty,2026,https://doi.org/10.1109/lcsys.2026.3696351,,,IEEE Control Systems Letters,False,unknown,False,,1
https://openalex.org/W2972301400,Model Predictive Control of glucose concentration based on Signal Temporal Logic specifications,2019,https://doi.org/10.1109/codit.2019.8820492,,,,False,unknown,False,,9
https://openalex.org/W2016719768,Computing Minimal Debugging Windows in Failure Traces of AMS Assertions,2012,https://doi.org/10.1109/tcad.2012.2203599,,,IEEE Transactions on Computer-Aided Design of Integrated Circuits and Systems,False,unknown,False,,8
https://openalex.org/W2964352321,Monitoring Bounded LTL Properties Using Interval Analysis,2015,https://doi.org/10.1016/j.entcs.2015.10.009,1506.01762,https://export.arxiv.org/e-print/1506.01762,Electronic Notes in Theoretical Computer Science,True,cc-by,True,https://www.sciencedirect.com/science/article/pii/S157106611500050X/pdf,6
https://openalex.org/W2981680727,Linear Temporal Logic Satisfaction in Adversarial Environments Using Secure Control Barrier Certificates,2019,https://doi.org/10.1007/978-3-030-32430-8_23,1910.12282,https://export.arxiv.org/e-print/1910.12282,Lecture notes in computer science,True,unknown,False,https://arxiv.org/pdf/1910.12282,6
https://openalex.org/W2264755653,Monitoring of real-time properties,2006,,,,,False,unknown,False,,5
https://openalex.org/W2307584322,"New Frontiers in Formal Methods: Learning, Cyber-Physical Systems, Education, and Beyond",2015,,,,,False,unknown,False,,5
https://openalex.org/W2899976099,"Monitoring, Learning and Control of Cyber-Physical Systems with STL (Tutorial)",2018,https://doi.org/10.1007/978-3-030-03769-7_4,,,Lecture notes in computer science,False,unknown,False,,5
https://openalex.org/W2914826454,Complex simulation experiments made easy,2018,https://doi.org/10.5555/3320516.3320575,,,Winter Simulation Conference,False,unknown,False,,5
https://openalex.org/W2978300852,Stream-Based Monitors for Real-Time Properties,2019,https://doi.org/10.1007/978-3-030-32079-9_6,,,Lecture notes in computer science,False,unknown,False,,5
https://openalex.org/W2982153049,Mission Planning and Control of Multi-Aircraft Systems With Signal Temporal Logic Specifications,2019,https://doi.org/10.1109/access.2019.2949426,,,IEEE Access,True,cc-by,True,https://ieeexplore.ieee.org/ielx7/6287639/8600701/08882209.pdf,5
https://openalex.org/W3003487033,Analysis of Spatio-temporal Properties of Stochastic Systems Using TSTL,2019,https://doi.org/10.1145/3326168,,,ACM Transactions on Modeling and Computer Simulation,True,other-oa,False,https://dl.acm.org/doi/10.1145/3326168,5
https://openalex.org/W3011947270,Drive-Based Motivation for Coordination of Limit Cycle Behaviors,2019,https://doi.org/10.1109/cdc40024.2019.9028915,,,,False,unknown,False,,5
https://openalex.org/W3081262891,Weakness Monitors for Fail-Aware Systems,2020,https://doi.org/10.1007/978-3-030-57628-8_17,,,Lecture notes in computer science,False,unknown,False,,5
https://openalex.org/W3097625840,Runtime-Safety-Guided Policy Repair,2020,https://doi.org/10.1007/978-3-030-60508-7_7,,,Lecture notes in computer science,False,unknown,False,,5
https://openalex.org/W3216715795,Verification and Uncertainties in Self-integrating System,2021,https://doi.org/10.1109/acsos-c52956.2021.00050,,,,True,unknown,False,https://eprints.whiterose.ac.uk/id/eprint/183279/1/SISSY2021_AU_UY_LU.pdf,5
https://openalex.org/W2793427131,On the Expressiveness and Monitoring of Metric Temporal Logic,2019,https://doi.org/10.23638/lmcs-15(2:13)2019,1803.02653,https://export.arxiv.org/e-print/1803.02653,Logical Methods in Computer Science,True,cc-by,True,https://doi.org/10.23638/lmcs-15(2:13)2019,4
https://openalex.org/W3104164077,Recurrence in Dense-Time AMS Assertions,2020,https://doi.org/10.1109/tcad.2020.3040259,2011.08805,https://export.arxiv.org/e-print/2011.08805,IEEE Transactions on Computer-Aided Design of Integrated Circuits and Systems,True,unknown,False,https://arxiv.org/pdf/2011.08805,4
https://openalex.org/W3119100998,Resilient Satisfaction of Persistent and Safety Specifications by Autonomous Systems,2021,https://doi.org/10.2514/6.2021-1124,,,AIAA Scitech 2021 Forum,False,unknown,False,,4
https://openalex.org/W3173890702,Specifying and detecting temporal patterns with shape expressions,2021,https://doi.org/10.1007/s10009-021-00627-x,,,International Journal on Software Tools for Technology Transfer,False,unknown,False,,4
https://openalex.org/W4213034247,Uncertainty-Aware Signal Temporal Logic Inference,2022,https://doi.org/10.1007/978-3-030-95561-8_5,,,Lecture notes in computer science,False,unknown,False,,4
https://openalex.org/W2005828076,A Runtime Verification Framework for Control System Simulation,2014,https://doi.org/10.1109/compsac.2014.14,,,,False,unknown,False,,3
https://openalex.org/W2756535143,ForFET: A Formal Feature Evaluation Tool for Hybrid Systems,2017,https://doi.org/10.1007/978-3-319-68167-2_28,,,Lecture notes in computer science,False,unknown,False,,3
https://openalex.org/W2974150975,A Logic-Based Learning Approach to Explore Diabetes Patient Behaviors,2019,https://doi.org/10.1007/978-3-030-31304-3_10,,,Lecture notes in computer science,False,unknown,False,,3
https://openalex.org/W3000662995,Learning-Based Falsification for Model Families of Cyber-Physical Systems,2019,https://doi.org/10.1109/prdc47002.2019.00054,,,,False,unknown,False,,3
https://openalex.org/W3156527707,Control of Timed Discrete Event Systems with Ticked Linear Temporal Logic Constraints,2020,https://doi.org/10.1016/j.ifacol.2020.12.2539,,,IFAC-PapersOnLine,True,unknown,False,https://doi.org/10.1016/j.ifacol.2020.12.2539,3
https://openalex.org/W3159952083,Towards a framework of enforcing resilient operation of cyber‐physical systems with unknown dynamics,2021,https://doi.org/10.1049/cps2.12009,,,IET Cyber-Physical Systems Theory & Applications,True,cc-by,True,https://onlinelibrary.wiley.com/doi/pdfdirect/10.1049/cps2.12009,3
https://openalex.org/W3175186253,QoS for Dynamic Deployment of IoT Services,2021,https://doi.org/10.1109/icit46573.2021.9453670,,,,False,unknown,False,,3
https://openalex.org/W4224440111,MITL Verification Under Timing Uncertainty,2022,https://doi.org/10.1007/978-3-031-15839-1_8,2204.10493,https://export.arxiv.org/e-print/2204.10493,Lecture notes in computer science,True,unknown,False,https://arxiv.org/pdf/2204.10493,3
https://openalex.org/W2805626668,Finding Novel Event Relationships in Temporal Data,2018,https://doi.org/10.1109/icdis.2018.00009,,,,False,unknown,False,,2
https://openalex.org/W2884997564,Cyber-Physical Systems Education: Explorations and Dreams,2018,https://doi.org/10.1007/978-3-319-95246-8_24,,,Lecture notes in computer science,True,unknown,False,https://escholarship.org/uc/item/3nn4215d,2
https://openalex.org/W2148960955,A practical approach for monitoring analog circuits,2006,https://doi.org/10.1145/1127908.1127984,,,,False,unknown,False,,11
https://openalex.org/W2124959164,Verification of analog and mixed signal designs using online monitoring,2009,https://doi.org/10.1109/ims3tw.2009.5158695,,,,False,unknown,False,,8
https://openalex.org/W2545172316,Checking properties of PLL designs using run-time verification,2007,https://doi.org/10.1109/icm.2007.4497676,,,,False,unknown,False,,8
https://openalex.org/W182456444,On Real-Time Monitoring with Imprecise Timestamps,2014,https://doi.org/10.1007/978-3-319-11164-3_16,,,Lecture notes in computer science,False,unknown,False,,6
https://openalex.org/W2167640923,Using Stochastic Differential Equation for Verification of Noise in Analog/RF Circuits,2010,https://doi.org/10.1007/s10836-009-5137-z,,,Journal of Electronic Testing,False,unknown,False,,6
https://openalex.org/W2063820178,Automated Verification of Power System Protection Schemes—Part I: Modeling and Specifications,2014,https://doi.org/10.1109/tpwrd.2014.2376571,,,IEEE Transactions on Power Delivery,False,unknown,False,,5
https://openalex.org/W2140017391,Auxiliary State Machines and Auxiliary Functions: Constructs for Extending AMS Assertions,2011,https://doi.org/10.1109/vlsid.2011.27,,,,False,unknown,False,,5
https://openalex.org/W4200473887,Formalizing Trajectories in Human-Robot Encounters via Probabilistic STL Inference,2021,https://doi.org/10.1109/iros51168.2021.9635951,,,2021 IEEE/RSJ International Conference on Intelligent Robots and Systems (IROS),True,other-oa,False,http://urn.kb.se/resolve?urn=urn:nbn:se:kth:diva-298436,5
https://openalex.org/W1972085901,Assertion Aware Sampling Refinement: A Mixed-Signal Perspective,2012,https://doi.org/10.1109/tcad.2012.2202394,,,IEEE Transactions on Computer-Aided Design of Integrated Circuits and Systems,False,unknown,False,,4
https://openalex.org/W2159852360,MTL robust testing and verification for LPV systems,2009,https://doi.org/10.1109/acc.2009.5159969,,,,False,unknown,False,,4
https://openalex.org/W2888279058,Stochastic Temporal Logic Abstractions: Challenges and Opportunities,2018,https://doi.org/10.1007/978-3-030-00151-3_1,,,Lecture notes in computer science,False,unknown,False,,4
https://openalex.org/W2973642607,Reachability Design Through Approximate Bayesian Computation,2019,https://doi.org/10.1007/978-3-030-31304-3_11,,,Lecture notes in computer science,False,unknown,False,,4
https://openalex.org/W3092242269,Property-Directed Verified Monitoring of Signal Temporal Logic,2020,https://doi.org/10.1007/978-3-030-60508-7_19,,,Lecture notes in computer science,False,unknown,False,,4
https://openalex.org/W3172420849,Mining Interpretable Spatio-Temporal Logic Properties for Spatially Distributed Systems,2021,https://doi.org/10.1007/978-3-030-88885-5_7,2106.08548,https://export.arxiv.org/e-print/2106.08548,Lecture notes in computer science,True,unknown,False,https://arxiv.org/pdf/2106.08548,4
https://openalex.org/W1705440970,A machine-readable specification of analog circuits for integration into a validation flow,2011,,,,Forum on specification and Design Languages,False,unknown,False,,3
https://openalex.org/W2106372925,From Data to Events: Checking Properties on the Control of a System,2008,https://doi.org/10.1109/memcod.2008.4547682,,,,False,unknown,False,,3
https://openalex.org/W2124558097,Using stochastic differential equation for assertion based verification of noise in analog/RF circuits,2009,https://doi.org/10.1109/ims3tw.2009.5158696,,,,False,unknown,False,,3
https://openalex.org/W2888608158,Monitoring Temporal Logic with Clock Variables,2018,https://doi.org/10.1007/978-3-030-00151-3_4,,,Lecture notes in computer science,False,unknown,False,,3
https://openalex.org/W2994717975,Evaluating Two Semantics for Falsification using an Autonomous Driving Example,2019,https://doi.org/10.1109/indin41052.2019.8972229,,,,True,unknown,False,https://research.chalmers.se/publication/518407/file/518407_Fulltext.pdf,3
https://openalex.org/W3092534952,Robust Controller Synthesis for Duration Calculus,2020,https://doi.org/10.1007/978-3-030-59152-6_24,,,Lecture notes in computer science,False,unknown,False,,3
https://openalex.org/W3122555166,Learning Temporal Causal Sequence Relationships from Real-Time Time-Series,2021,https://doi.org/10.1613/jair.1.12395,1905.12262,https://export.arxiv.org/e-print/1905.12262,Journal of Artificial Intelligence Research,True,cc-by,True,https://www.jair.org/index.php/jair/article/download/12395/26646,3
https://openalex.org/W3159651929,MoonLight: a lightweight tool for monitoring spatio-temporal properties,2023,https://doi.org/10.1007/s10009-023-00710-5,,,International Journal on Software Tools for Technology Transfer,True,cc-by,True,https://link.springer.com/content/pdf/10.1007/s10009-023-00710-5.pdf,3
https://openalex.org/W4224936064,Offline and Online Monitoring of Scattered Uncertain Logs Using Uncertain Linear Dynamical Systems,2022,https://doi.org/10.1007/978-3-031-08679-3_5,,,Lecture notes in computer science,False,unknown,False,,3
https://openalex.org/W4226225635,Fundamental Approaches to Software Engineering,2022,https://doi.org/10.1007/978-3-030-99429-7,,,Lecture notes in computer science,True,cc-by,True,https://link.springer.com/content/pdf/10.1007/978-3-030-99429-7.pdf,3
https://openalex.org/W4287882710,Using Formal Methods to Specify Data-Driven Cyber-Physical Systems,2022,https://doi.org/10.1109/isie51582.2022.9831686,,,2022 IEEE 31st International Symposium on Industrial Electronics (ISIE),False,unknown,False,,3
https://openalex.org/W4307078087,Safe Policy Improvement in Constrained Markov Decision Processes,2022,https://doi.org/10.1007/978-3-031-19849-6_21,2210.11259,https://export.arxiv.org/e-print/2210.11259,Lecture notes in computer science,True,unknown,False,https://arxiv.org/pdf/2210.11259,3
https://openalex.org/W4312629553,Specifying Source Code and Signal-based Behaviour of Cyber-Physical System Components,2022,https://doi.org/10.1007/978-3-031-20872-0_2,,,Lecture notes in computer science,False,unknown,False,,3
https://openalex.org/W2081402532,Model Checking Controllers with Predicate Inputs,2013,https://doi.org/10.1109/vlsid.2013.210,,,,False,unknown,False,,2
https://openalex.org/W2129433634,Clustering-Based Active Learning for CPSGrader,2015,https://doi.org/10.1145/2724660.2728702,,,,True,unknown,False,http://www.eecs.berkeley.edu/~sseshia/pubdir/las15-cpsgrader.pdf,2
https://openalex.org/W2340642540,Monitoring and Measuring Hybrid Behaviors,2015,https://doi.org/10.1007/978-3-319-23820-3_26,,,Lecture notes in computer science,False,unknown,False,,2
https://openalex.org/W2579316411,Automated Verification of Switched Systems Using Hybrid Identification,2017,https://doi.org/10.1007/978-3-319-51738-4_7,,,Lecture notes in computer science,False,unknown,False,,2
https://openalex.org/W2613141721,Shrinking Horizon Model Predictive Control With Signal Temporal Logic Constraints Under Stochastic Disturbances,2018,https://doi.org/10.1109/tac.2018.2880651,1705.02152,https://export.arxiv.org/e-print/1705.02152,IEEE Transactions on Automatic Control,True,unknown,False,https://arxiv.org/pdf/1705.02152,2
https://openalex.org/W2794031694,Time-Staging Enhancement of Hybrid System Falsification,2022,https://doi.org/10.4204/eptcs.361.5,1803.03866,https://export.arxiv.org/e-print/1803.03866,Electronic Proceedings in Theoretical Computer Science,True,cc-by-nc-nd,False,https://arxiv.org/pdf/1803.03866,2
https://openalex.org/W2938612190,Valid and Reproducible Simulation Studies—Making It Explicit,2019,https://doi.org/10.1007/978-3-319-70766-2_25,,,"Simulation foundations, methods and applications",False,unknown,False,,2
https://openalex.org/W2953055576,Property-Driven State-Space Coarsening for Continuous Time Markov Chains,2016,https://doi.org/10.1007/978-3-319-43425-4_1,1606.01111,https://export.arxiv.org/e-print/1606.01111,Lecture notes in computer science,True,unknown,False,https://arxiv.org/pdf/1606.01111,2
https://openalex.org/W3047659418,Verifying Band Convergence for Sampled Control Systems,2020,https://doi.org/10.1007/978-3-030-55754-6_19,,,Lecture notes in computer science,False,unknown,False,,2
https://openalex.org/W3199845923,Automated Testing With Temporal Logic Specifications for Robotic Controllers Using Adaptive Experiment Design,2022,https://doi.org/10.1109/icra46639.2022.9811579,,,2022 International Conference on Robotics and Automation (ICRA),True,cc-by,True,https://www.research.ed.ac.uk/en/publications/2a8623aa-c444-4d82-b1b4-9cf2af41859d,2
https://openalex.org/W3201937572,A Timed Automata based Automatic Framework for Verifying STL Properties of Simulink Models,2021,https://doi.org/10.1109/tase52547.2021.00018,,,,False,unknown,False,,2
https://openalex.org/W3203548977,Automaton-ABC: A statistical method to estimate the probability of spatio-temporal properties for parametric Markov population models,2021,https://doi.org/10.1016/j.tcs.2021.09.039,,,Theoretical Computer Science,True,unknown,False,https://www.sciencedirect.com/science/article/am/pii/S0304397521005739,2
https://openalex.org/W3206546607,Optimal Control of Timed Petri Nets Under Temporal Logic Constraints with Generalized Mutual Exclusion,2021,https://doi.org/10.1587/transfun.2021map0003,,,IEICE Transactions on Fundamentals of Electronics Communications and Computer Sciences,False,unknown,False,,2
https://openalex.org/W4210603763,Hierarchical control for uncertain discrete-time nonlinear systems under signal temporal logic specifications,2021,https://doi.org/10.1109/cdc45484.2021.9683157,,,2021 60th IEEE Conference on Decision and Control (CDC),True,other-oa,False,http://urn.kb.se/resolve?urn=urn:nbn:se:kth:diva-312981,2
https://openalex.org/W4285718885,Computer Performance Engineering,2020,https://doi.org/10.1007/978-3-030-44411-2,,,Lecture notes in computer science,False,unknown,False,,2
https://openalex.org/W4312329801,Distributed Trajectory Planning for Multi-rotor UAVs with Signal Temporal Logic Objectives,2022,https://doi.org/10.1109/ccta49430.2022.9966096,,,2022 IEEE Conference on Control Technology and Applications (CCTA),False,unknown,False,,2
https://openalex.org/W4312630596,Leveraging System Dynamics in Runtime Verification of Cyber-Physical Systems,2022,https://doi.org/10.1007/978-3-031-19849-6_16,,,Lecture notes in computer science,False,unknown,False,,2
https://openalex.org/W4317634740,A Game Theoretic Approach to Distributed Planning of Multi-Agent Systems under Temporal Logic Specifications,2023,https://doi.org/10.2514/6.2023-1657,,,AIAA SCITECH 2023 Forum,False,unknown,False,,2
https://openalex.org/W4375852183,Pattern Matching and Parameter Identification for Parametric Timed Regular Expressions,2023,https://doi.org/10.1145/3575870.3587115,,,,True,unknown,False,https://dl.acm.org/doi/pdf/10.1145/3575870.3587115,2
https://openalex.org/W4386821348,Safe Reinforcement Learning for Signal Temporal Logic Tasks Using Robust Control Barrier Functions,2023,https://doi.org/10.23919/ccc58697.2023.10240080,,,,False,unknown,False,,2
https://openalex.org/W4387225991,Scalable Stochastic Parametric Verification with Stochastic Variational Smoothed Model Checking,2023,https://doi.org/10.1007/978-3-031-44267-4_3,,,Lecture notes in computer science,True,other-oa,False,https://arts.units.it/bitstream/11368/3065900/1/RV23_SV_smMC.pdf,2
https://openalex.org/W4391021830,Safe Reinforcement Learning with Probabilistic Guarantees Satisfying Temporal Logic Specifications in Continuous Action Spaces,2023,https://doi.org/10.1109/cdc49753.2023.10383601,,,,False,unknown,False,,2
https://openalex.org/W4401932404,Receding horizon control for persistent monitoring tasks with monitoring count requirements,2024,https://doi.org/10.1049/cth2.12730,,,IET Control Theory and Applications,True,cc-by-nc-nd,False,https://onlinelibrary.wiley.com/doi/pdfdirect/10.1049/cth2.12730,2
https://openalex.org/W1992263355,Monitoring AMS Simulation: From Assertions to Features,2015,https://doi.org/10.1109/vlsid.2015.78,,,,False,unknown,False,,1
https://openalex.org/W2007207109,Analog layer extensions for analog/mixed-signal assertion languages,2013,https://doi.org/10.1109/vlsi-soc.2013.6673252,,,,False,unknown,False,,1
https://openalex.org/W2274224069,Improved model generation and property specification for analog/mixed-signal circuits,2013,https://doi.org/10.26053/0h-x3ph-cs00,,,J. Willard Marriott Library,True,unknown,False,https://doi.org/10.26053/0h-x3ph-cs00,1
https://openalex.org/W2477224134,An efficient layered ABV methodology for vision system on chip based on heterogeneous parallel processors,2015,https://doi.org/10.1109/asicon.2015.7517029,,,,False,unknown,False,,1
https://openalex.org/W2603189004,Generating AMS Behavioral Models with Formal Guarantees on Feature Accuracy,2017,https://doi.org/10.1109/vlsid.2017.2,,,,False,unknown,False,,1
https://openalex.org/W2776557933,Model Checking Delay Differential Equations Against Metric Interval Temporal Logic,2017,https://doi.org/10.7561/sacs.2017.1.77,,,Scientific Annals of Computer Science,True,cc-by,True,https://www.info.uaic.ro/wp-content/uploads/2019/02/XXVII1_2.pdf,1
https://openalex.org/W2912674640,REAFFIRM: Model-Based Repair of Hybrid Systems for Improving Resiliency,2020,https://doi.org/10.1109/memocode51338.2020.9315153,1902.04064,https://export.arxiv.org/e-print/1902.04064,,True,unknown,False,https://arxiv.org/pdf/1902.04064,1
https://openalex.org/W3012152163,A Learning Framework for Versatile STL Controller Synthesis,2019,https://doi.org/10.1109/cdc40024.2019.9029727,,,,True,other-oa,False,http://urn.kb.se/resolve?urn=urn:nbn:se:kth:diva-274107,1
https://openalex.org/W3119472118,High Assurance Run-Time Monitoring Architecture for Autonomous Control,2021,https://doi.org/10.2514/6.2021-0790,,,AIAA Scitech 2021 Forum,False,unknown,False,,1
https://openalex.org/W3195103044,Learning Task Constraints in Visual-Action Planning from Demonstrations,2021,https://doi.org/10.1109/ro-man50785.2021.9515548,,,,True,other-oa,False,http://urn.kb.se/resolve?urn=urn:nbn:se:kth:diva-298367,1
https://openalex.org/W3213467914,Hybrid System Falsification for Multiple-Constraint Parameter Synthesis: A Gas Turbine Case Study,2021,https://doi.org/10.1007/978-3-030-90870-6_17,,,Lecture notes in computer science,False,unknown,False,,1
https://openalex.org/W4243492124,Migrating Assertions From Dense to Discrete Time,2021,https://doi.org/10.1109/tcad.2021.3101715,,,IEEE Transactions on Computer-Aided Design of Integrated Circuits and Systems,False,unknown,False,,1
https://openalex.org/W4293399520,Classification of Driving Behaviors Using STL Formulas: A Comparative Study,2022,https://doi.org/10.1007/978-3-031-15839-1_9,,,Lecture notes in computer science,True,unknown,False,https://doi.org/10.7302/4872,1
https://openalex.org/W4307867696,Temporal Landscapes: A Graphical Logic of Behavior,2022,https://doi.org/10.4204/eptcs.372.20,1904.01081,https://export.arxiv.org/e-print/1904.01081,Electronic Proceedings in Theoretical Computer Science,True,cc-by-nc-nd,False,https://arxiv.org/pdf/1904.01081,1
https://openalex.org/W4310514138,Synchronous Programming and Refinement Types in Robotics: From Verification to Implementation,2022,https://doi.org/10.1145/3563822.3568015,,,,True,unknown,False,https://doi.org/10.7302/7708,1
https://openalex.org/W4313193640,Combining Quantitative Data with Logic-Based Specifications for Parameter Inference,2022,https://doi.org/10.1007/978-3-031-16011-0_9,,,Lecture notes in computer science,True,other-oa,False,https://www.research.ed.ac.uk/en/publications/5a27e261-8e0a-4000-9f66-8405262f3359,1
https://openalex.org/W4376623360,Temporal Logic Guided Safe Model-Based Reinforcement Learning,2023,https://doi.org/10.1007/978-3-031-29310-8_9,,,Synthesis lectures on computer science,False,unknown,False,,1
https://openalex.org/W4382045609,Verifying Refinement of Probabilistic Contracts Using Timed Automata,2023,https://doi.org/10.1007/978-3-031-35257-7_6,,,Lecture notes in computer science,False,unknown,False,,1
https://openalex.org/W4382935675,Iterative Planner/Controller Design to Satisfy Signal Temporal Logic Specifications,2023,https://doi.org/10.23919/acc55779.2023.10155859,,,,False,unknown,False,,1
https://openalex.org/W4382936072,Statistical Verification of Traffic Systems with Expected Differential Privacy,2023,https://doi.org/10.23919/acc55779.2023.10156637,,,,False,unknown,False,,1
https://openalex.org/W4383108474,Probabilistic Rare-Event Verification for Temporal Logic Robot Tasks,2023,https://doi.org/10.1109/icra48891.2023.10161083,,,,False,unknown,False,,1
https://openalex.org/W4385451854,Control Barrier Functions for Disjunctions of Signal Temporal Logic Tasks,2023,https://doi.org/10.23919/ecc57647.2023.10178255,,,,True,other-oa,False,https://kth.diva-portal.org/smash/get/diva2:1793173/FULLTEXT01,1
https://openalex.org/W4387225962,Mining Specification Parameters for Multi-class Classification,2023,https://doi.org/10.1007/978-3-031-44267-4_5,,,Lecture notes in computer science,False,unknown,False,,1
https://openalex.org/W4388967031,Data-Centric Design for Formal Verification of Vehicle Monitoring,2023,https://doi.org/10.1109/sbesc60926.2023.10324280,,,,False,unknown,False,,1
https://openalex.org/W4390734011,Offline and online energy-efficient monitoring of scattered uncertain logs using a bounding model,2024,https://doi.org/10.46298/lmcs-20(1:2)2024,2204.11505,https://export.arxiv.org/e-print/2204.11505,Logical Methods in Computer Science,True,cc-by,True,https://lmcs.episciences.org/12859/pdf,1
https://openalex.org/W4391654389,"Visualization, transformation, and analysis of execution traces with the eclipse TRACE4CPS trace tool",2024,https://doi.org/10.1007/s10009-024-00736-3,,,International Journal on Software Tools for Technology Transfer,True,cc-by,True,https://link.springer.com/content/pdf/10.1007/s10009-024-00736-3.pdf,1
https://openalex.org/W4391769402,Graph-Based Autonomous Driving with Traffic-Rule-Enhanced Curriculum Learning,2023,https://doi.org/10.1109/itsc57777.2023.10422140,,,,True,other-oa,False,https://mediatum.ub.tum.de/1722638,1
https://openalex.org/W4396571384,Fast and Scalable Monitoring for Value-Freeze Operator augmented Signal Temporal Logic,2024,https://doi.org/10.1145/3641513.3650128,,,,False,unknown,False,,1
https://openalex.org/W4396571454,Approximating the Geometry of Temporal Logic Formulas,2024,https://doi.org/10.1145/3641513.3650139,,,,False,unknown,False,,1
https://openalex.org/W4400189301,Rampo: A CEGAR-based Integration of Binary Code Analysis and System Falsification for Cyber-Kinetic Vulnerability Detection,2024,https://doi.org/10.1109/iccps61052.2024.00011,2402.12642,https://export.arxiv.org/e-print/2402.12642,,True,unknown,False,https://arxiv.org/pdf/2402.12642,1
https://openalex.org/W4400946701,Control Barrier Functions for Stochastic Systems under Signal Temporal Logic Tasks,2024,https://doi.org/10.23919/ecc64448.2024.10591078,,,,True,other-oa,False,https://kth.diva-portal.org/smash/get/diva2:1890149/FULLTEXT01,1
https://openalex.org/W4401414517,Optimal Planning for Timed Partial Order Specifications,2024,https://doi.org/10.1109/icra57147.2024.10611547,,,,False,unknown,False,,1
https://openalex.org/W4402260394,Multi-Class Temporal Logic Neural Networks,2024,https://doi.org/10.23919/acc60939.2024.10644538,,,,False,unknown,False,,1
https://openalex.org/W4402628903,Mining signal temporal logic specifications for hybrid systems,2024,https://doi.org/10.1109/fdl63219.2024.10673843,,,,False,unknown,False,,1
https://openalex.org/W4403791976,Is Machine Learning Model Checking Privacy Preserving?,2024,https://doi.org/10.1007/978-3-031-75107-3_9,,,Lecture notes in computer science,False,unknown,False,,1
https://openalex.org/W4404102079,Fast Robust Monitoring for Signal Temporal Logic with Value Freezing Operators (STL*),2024,https://doi.org/10.1109/memocode63347.2024.00006,,,,False,unknown,False,,1
https://openalex.org/W4404541876,ROSMonitoring 2.0: Extending ROS Runtime Verification to Services and Ordered Topics,2024,https://doi.org/10.4204/eptcs.411.3,2411.14367,https://export.arxiv.org/e-print/2411.14367,Electronic Proceedings in Theoretical Computer Science,True,cc-by-nc-nd,False,https://eptcs.web.cse.unsw.edu.au/paper.cgi?FMAS2024.3.pdf,1
https://openalex.org/W4404657427,Runtime Verification of Neural-Symbolic Systems,2024,https://doi.org/10.1007/978-981-96-0602-3_16,,,Lecture notes in computer science,False,unknown,False,,1
https://openalex.org/W4405261798,Using Vehicular Protection Mechanisms to Enable Fault-Aware Safety Verification of Autonomous Vehicles,2024,https://doi.org/10.1145/3697090.3697101,,,,True,cc-by-sa,True,https://orbilu.uni.lu/bitstream/10993/65097/1/Preprint.pdf,1
https://openalex.org/W4405595496,Runtime verification of electronic stability control system in automated vehicles with STL3 formalism,2024,https://doi.org/10.1007/s00607-024-01375-x,,,Computing,False,unknown,False,,1
https://openalex.org/W4410556111,BT2Automata: Expressing Behavior Trees as Automata for Formal Control Synthesis,2025,https://doi.org/10.1145/3716863.3718042,,,,True,cc-by,True,https://dl.acm.org/doi/pdf/10.1145/3716863.3718042,1
https://openalex.org/W4411115387,Language Partitioning for Mission-Time Linear Temporal Logic,2025,https://doi.org/10.1007/978-3-031-93706-4_18,,,Lecture notes in computer science,False,unknown,False,,1
https://openalex.org/W4411115435,Rare Event Simulation for Stochastic Hybrid Systems Using Symbolic Importance Functions,2025,https://doi.org/10.1007/978-3-031-93706-4_15,,,Lecture notes in computer science,True,other-oa,False,https://research.utwente.nl/en/publications/f40bc22b-bfcf-4982-932d-875236c836cc,1
https://openalex.org/W4414599468,Algorithmic Fairness: A Runtime Perspective,2025,https://doi.org/10.1007/978-3-032-05435-7_1,,,Lecture notes in computer science,False,unknown,False,,1
https://openalex.org/W4415180503,Logic-based Resilience Computation of Power Systems Against Frequency Requirements,2025,https://doi.org/10.23919/ecc65951.2025.11186916,,,,False,unknown,False,,1
https://openalex.org/W2946039991,Architectural Runtime Verification,2019,https://doi.org/10.1109/icsa-c.2019.00021,,,,False,unknown,False,,4
https://openalex.org/W2982509390,Two-Dimensional Rule Language for Querying Sensor Log Data: A Framework and Use Cases,2019,https://doi.org/10.4230/lipics.time.2019.7,,,DROPS (Schloss Dagstuhl – Leibniz Center for Informatics),True,cc-by,True,https://drops.dagstuhl.de/storage/00lipics/lipics-vol147-time2019/LIPIcs.TIME.2019.7/LIPIcs.TIME.2019.7.pdf,4
https://openalex.org/W2795807184,Interpreting Local Variables in AMS Assertions During Simulation,2018,https://doi.org/10.1109/tcad.2018.2824288,,,IEEE Transactions on Computer-Aided Design of Integrated Circuits and Systems,False,unknown,False,,3
https://openalex.org/W2995634384,Runtime verification of real-time event streams under non-synchronized arrival,2020,https://doi.org/10.1007/s11219-019-09493-y,,,Software Quality Journal,True,cc-by,True,https://link.springer.com/content/pdf/10.1007/s11219-019-09493-y.pdf,3
https://openalex.org/W3143139622,Pragmatic Logic-Based Spatio-Temporal Pattern Checking in Particle-Based Models,2020,https://doi.org/10.1109/wsc48552.2020.9383908,,,,False,unknown,False,,3
https://openalex.org/W2900323414,Property-Driven Runtime Resolution of Feature Interactions,2018,https://doi.org/10.1007/978-3-030-03769-7_18,,,Lecture notes in computer science,False,unknown,False,,2
https://openalex.org/W3033693865,Probing the Performance of the Edinburgh Bike Sharing System using SSTL,2020,https://doi.org/10.1145/3384441.3395990,,,,True,other-oa,False,https://www.research.ed.ac.uk/en/publications/b87e0c5e-d0b5-471c-b39e-d6d555da9edd,2
https://openalex.org/W3129588451,Generating New Lower Abstract Task Operator using Grid-TLI,2020,https://doi.org/10.1109/iros45743.2020.9340937,,,,False,unknown,False,,2
https://openalex.org/W3157814552,Sampling polynomial trajectories for LTL verification,2021,https://doi.org/10.1016/j.tcs.2021.10.024,2104.08980,https://export.arxiv.org/e-print/2104.08980,Theoretical Computer Science,True,unknown,False,https://doi.org/10.1016/j.tcs.2021.10.024,2
https://openalex.org/W4312712355,Deep Reinforcement Learning Based Networked Control with Network Delays for Signal Temporal Logic Specifications,2022,https://doi.org/10.1109/etfa52439.2022.9921505,,,2022 IEEE 27th International Conference on Emerging Technologies and Factory Automation (ETFA),False,unknown,False,,2
https://openalex.org/W2597864338,Feature Based Identification of Transmission Line Faults by Synchronous Monitoring of PMUs,2017,https://doi.org/10.1109/vlsid.2017.45,,,,False,unknown,False,,1
https://openalex.org/W2810224047,From Formal Requirement Analysis to Testing and Monitoring of Cyber-Physical Systems,2017,,,,,False,unknown,False,,1
https://openalex.org/W2964815262,Reachability Analysis and Hybrid Systems Biology - In Memoriam Oded Maler,2019,https://doi.org/10.1007/978-3-030-28042-0_2,,,Lecture notes in computer science,False,unknown,False,,1
https://openalex.org/W3106102031,Analysis of E-commerce Ranking Signals via Signal Temporal Logic,2020,https://doi.org/10.4204/eptcs.331.3,2101.05415,https://export.arxiv.org/e-print/2101.05415,Electronic Proceedings in Theoretical Computer Science,True,cc-by-nc-nd,False,https://arxiv.org/pdf/2101.05415,1
https://openalex.org/W3123921638,An Integrative Behavioral-Based Physics-Inspired Approach to Traffic Congestion Control,2020,https://doi.org/10.1115/dscc2020-3330,,,,False,unknown,False,,1
https://openalex.org/W3157833724,Robust Temporal Logic Motion Planning Based on Invariant Set Theory,2021,https://doi.org/10.1109/iccia52082.2021.9403556,,,,False,unknown,False,,1
https://openalex.org/W3173489617,Abstraction of Markov Population Dynamics via Generative Adversarial Nets,2021,https://doi.org/10.1007/978-3-030-85633-5_2,2106.12981,https://export.arxiv.org/e-print/2106.12981,Lecture notes in computer science,True,unknown,False,https://arxiv.org/pdf/2106.12981,1
https://openalex.org/W4205521711,Robust MPC-based Abstraction for Motion Planning of a Mobile Robot,2021,https://doi.org/10.1109/icrom54204.2021.9663460,,,,False,unknown,False,,1
https://openalex.org/W4221148303,Exemplifying Parametric Timed Specifications over Signals with Bounded Behavior,2022,https://doi.org/10.1007/978-3-031-06773-0_25,2203.13247,https://export.arxiv.org/e-print/2203.13247,Lecture notes in computer science,True,unknown,False,https://arxiv.org/pdf/2203.13247,1
https://openalex.org/W4239917930,Tracking Control of an Unknown Linear System for a Fragment of Signal Temporal Logic Task,2021,https://doi.org/10.1109/cac53003.2021.9728348,,,2021 China Automation Congress (CAC),False,unknown,False,,1
https://openalex.org/W4285202623,"Artificial Intelligence, Big Data Analytics, and Smart Cities",2022,https://doi.org/10.1007/978-3-030-97818-1_19,,,Internet of things,False,unknown,False,,1
https://openalex.org/W4314947449,Logic for Timed Agent Network Topologies,2022,https://doi.org/10.1109/cdc51059.2022.9992550,,,2022 IEEE 61st Conference on Decision and Control (CDC),False,unknown,False,,1
https://openalex.org/W4387143405,Checkmate: Fault Timing Localization for Multi-Robot Scenarios,2023,https://doi.org/10.1109/case56687.2023.10260405,,,,False,unknown,False,,1
https://openalex.org/W4391021183,Robustness Measures and Monitors for Time Window Temporal Logic,2023,https://doi.org/10.1109/cdc49753.2023.10383712,,,,False,unknown,False,,1
https://openalex.org/W2467659428,Towards Verified Artificial Intelligence,2016,https://doi.org/10.48550/arxiv.1606.08514,1606.08514,https://export.arxiv.org/e-print/1606.08514,arXiv (Cornell University),True,unknown,False,https://arxiv.org/pdf/1606.08514,85
https://openalex.org/W216834189,A Study on Run Time Assurance for Complex Cyber Physical Systems,2013,https://doi.org/10.21236/ada585474,,,,False,unknown,False,,51
https://openalex.org/W3123417264,Recent Advances in Anomaly Detection Methods applied to Aviation,2019,https://doi.org/10.20944/preprints201909.0326.v1,,,Preprints.org,True,cc-by,True,https://www.preprints.org/manuscript/201909.0326/v1/download,47
https://openalex.org/W2767407758,Real-time Stream-based Monitoring,2017,https://doi.org/10.48550/arxiv.1711.03829,1711.03829,https://export.arxiv.org/e-print/1711.03829,arXiv (Cornell University),True,unknown,False,https://arxiv.org/pdf/1711.03829,25
https://openalex.org/W1566748826,Conformance Testing as Falsification for Cyber-Physical Systems,2014,https://doi.org/10.48550/arxiv.1401.5200,1401.5200,https://export.arxiv.org/e-print/1401.5200,arXiv (Cornell University),True,unknown,False,https://arxiv.org/pdf/1401.5200,20
https://openalex.org/W3028181794,RTAMT: Online Robustness Monitors from STL,2020,https://doi.org/10.48550/arxiv.2005.11827,2005.11827,https://export.arxiv.org/e-print/2005.11827,arXiv (Cornell University),True,unknown,False,https://arxiv.org/pdf/2005.11827,19
https://openalex.org/W2132912000,Learning Temporal Logical Properties Discriminating ECG models of Cardiac Arrhytmias,2013,https://doi.org/10.48550/arxiv.1312.7523,1312.7523,https://export.arxiv.org/e-print/1312.7523,arXiv (Cornell University),True,unknown,False,https://arxiv.org/pdf/1312.7523,18
https://openalex.org/W2765356358,Temporal Type Theory: A topos-theoretic approach to systems and behavior,2017,https://doi.org/10.48550/arxiv.1710.10258,1710.10258,https://export.arxiv.org/e-print/1710.10258,arXiv (Cornell University),True,unknown,False,https://arxiv.org/pdf/1710.10258,11
https://openalex.org/W2235028240,Safe Control under Uncertainty,2015,https://doi.org/10.48550/arxiv.1510.07313,1510.07313,https://export.arxiv.org/e-print/1510.07313,arXiv (Cornell University),True,unknown,False,https://arxiv.org/pdf/1510.07313,10
https://openalex.org/W2972670623,Continuous Abstraction of Nonlinear Systems using Sum-of-Squares Programming,2019,https://doi.org/10.1016/j.automatica.2020.109065,1909.06468,https://export.arxiv.org/e-print/1909.06468,arXiv (Cornell University),True,unknown,False,https://arxiv.org/pdf/1909.06468,10
https://openalex.org/W2978245725,Approximation-Refinement Testing of Compute-Intensive Cyber-Physical Models: An Approach Based on System Identification,2019,https://doi.org/10.48550/arxiv.1910.02837,1910.02837,https://export.arxiv.org/e-print/1910.02837,arXiv (Cornell University),True,unknown,False,https://arxiv.org/pdf/1910.02837,10
https://openalex.org/W2604275565,Model Predictive Control for Signal Temporal Logic Specification,2017,https://doi.org/10.48550/arxiv.1703.09563,1703.09563,https://export.arxiv.org/e-print/1703.09563,arXiv (Cornell University),True,unknown,False,https://arxiv.org/pdf/1703.09563,8
https://openalex.org/W3182258635,Automatic Testing With Reusable Adversarial Agents,2019,https://doi.org/10.48550/arxiv.1910.13645,1910.13645,https://export.arxiv.org/e-print/1910.13645,arXiv (Cornell University),True,unknown,False,https://arxiv.org/pdf/1910.13645,8
https://openalex.org/W3154466073,Neural Network for Weighted Signal Temporal Logic,2021,https://doi.org/10.48550/arxiv.2104.05435,2104.05435,https://export.arxiv.org/e-print/2104.05435,arXiv (Cornell University),True,unknown,False,https://arxiv.org/pdf/2104.05435,6
https://openalex.org/W2517268547,Formal Requirement Elicitation and Debugging for Testing and Verification of Cyber-Physical Systems,2016,https://doi.org/10.48550/arxiv.1607.02549,1607.02549,https://export.arxiv.org/e-print/1607.02549,arXiv (Cornell University),True,unknown,False,https://arxiv.org/pdf/1607.02549,4
https://openalex.org/W2809947384,Self-Driving Vehicle Verification Towards a Benchmark,2018,https://doi.org/10.48550/arxiv.1806.08810,1806.08810,https://export.arxiv.org/e-print/1806.08810,arXiv (Cornell University),True,unknown,False,https://arxiv.org/pdf/1806.08810,4
https://openalex.org/W3118413682,Rule-based Optimal Control for Autonomous Driving,2021,https://doi.org/10.48550/arxiv.2101.05709,2101.05709,https://export.arxiv.org/e-print/2101.05709,arXiv (Cornell University),True,unknown,False,https://arxiv.org/pdf/2101.05709,4
https://openalex.org/W3165036997,Inferring Temporal Logic Properties from Data using Boosted Decision Trees,2021,https://doi.org/10.48550/arxiv.2105.11508,2105.11508,https://export.arxiv.org/e-print/2105.11508,arXiv (Cornell University),True,unknown,False,https://arxiv.org/pdf/2105.11508,4
https://openalex.org/W4399381929,Proceedings of the 2024 IEEE/ACM 12th International Conference on Formal Methods in Software Engineering (FormaliSE),2024,https://doi.org/10.1145/3644033,,,,True,cc-by,True,https://dl.acm.org/doi/pdf/10.1145/3644033,4
https://openalex.org/W2097938943,Techniques for the Formal Verification of Analog and Mixed- Signal Designs,2008,,,,Spectrum Research Repository (Concordia University),False,unknown,False,,3
https://openalex.org/W2171833853,Run-time verification using the VHDL-AMS simulation environment,2007,https://doi.org/10.1109/newcas.2007.4488030,,,,False,unknown,False,,3
https://openalex.org/W2940993203,A Case Study of Trust on Autonomous Driving,2019,https://doi.org/10.48550/arxiv.1904.11007,1904.11007,https://export.arxiv.org/e-print/1904.11007,arXiv (Cornell University),True,unknown,False,https://arxiv.org/pdf/1904.11007,3
https://openalex.org/W2946293979,Bayesian Optimization for Polynomial Time Probabilistically Complete STL Trajectory Synthesis,2019,https://doi.org/10.48550/arxiv.1905.03051,1905.03051,https://export.arxiv.org/e-print/1905.03051,arXiv (Cornell University),True,unknown,False,https://arxiv.org/pdf/1905.03051,3
https://openalex.org/W2974318982,Controller Synthesis for Multi-Agent Systems With Intermittent Communication: A Metric Temporal Logic Approach,2019,https://doi.org/10.48550/arxiv.1909.09939,1909.09939,https://export.arxiv.org/e-print/1909.09939,arXiv (Cornell University),True,unknown,False,https://arxiv.org/pdf/1909.09939,3
https://openalex.org/W3130555041,Learning from Demonstrations using Signal Temporal Logic,2021,https://doi.org/10.48550/arxiv.2102.07730,2102.07730,https://export.arxiv.org/e-print/2102.07730,arXiv (Cornell University),True,unknown,False,https://arxiv.org/pdf/2102.07730,3
https://openalex.org/W3151649154,Safe Model-based Control from Signal Temporal Logic Specifications Using Recurrent Neural Networks,2021,https://doi.org/10.48550/arxiv.2103.15938,2103.15938,https://export.arxiv.org/e-print/2103.15938,arXiv (Cornell University),True,unknown,False,https://arxiv.org/pdf/2103.15938,3
https://openalex.org/W3163112615,Policy Synthesis for Metric Interval Temporal Logic with Probabilistic Distributions,2021,https://doi.org/10.48550/arxiv.2105.04593,2105.04593,https://export.arxiv.org/e-print/2105.04593,arXiv (Cornell University),True,unknown,False,https://arxiv.org/pdf/2105.04593,3
https://openalex.org/W3181989132,Statistical Verification of Autonomous Systems using Surrogate Models and Conformal Inference,2020,https://doi.org/10.48550/arxiv.2004.00279,2004.00279,https://export.arxiv.org/e-print/2004.00279,arXiv (Cornell University),True,unknown,False,https://arxiv.org/pdf/2004.00279,3
https://openalex.org/W2514149207,Robust Control for Signal Temporal Logic Specifications using Average Space Robustness,2016,https://doi.org/10.48550/arxiv.1607.07019,1607.07019,https://export.arxiv.org/e-print/1607.07019,arXiv (Cornell University),True,unknown,False,https://arxiv.org/pdf/1607.07019,2
https://openalex.org/W2593656497,A More Sensitive Context,2017,https://doi.org/10.48550/arxiv.1702.03288,1702.03288,https://export.arxiv.org/e-print/1702.03288,arXiv (Cornell University),True,unknown,False,https://arxiv.org/pdf/1702.03288,2
https://openalex.org/W2594872664,Analysis of hybrid petri nets with random discrete events,2016,https://doi.org/10.3990/1.9789036542579,,,,True,other-oa,False,https://ris.utwente.nl/ws/files/6045592/thesis_H_Ghasemieh.pdf,2
https://openalex.org/W2610959203,Active Sampling for Constrained Simulation-based Verification of Uncertain Nonlinear Systems,2017,https://doi.org/10.48550/arxiv.1705.01471,1705.01471,https://export.arxiv.org/e-print/1705.01471,arXiv (Cornell University),True,unknown,False,https://arxiv.org/pdf/1705.01471,2
https://openalex.org/W2921358724,Continuous-time Signal Temporal Logic Planning with Control Barrier Function,2019,https://doi.org/10.48550/arxiv.1903.03860,1903.03860,https://export.arxiv.org/e-print/1903.03860,arXiv (Cornell University),True,unknown,False,https://arxiv.org/pdf/1903.03860,2
https://openalex.org/W2964140991,Logic-based Clustering and Learning for Time-Series Data,2016,https://doi.org/10.48550/arxiv.1612.07823,1612.07823,https://export.arxiv.org/e-print/1612.07823,arXiv (Cornell University),True,unknown,False,https://arxiv.org/pdf/1612.07823,2
https://openalex.org/W2968740912,Shield Synthesis for Real: Enforcing Safety in Cyber-Physical Systems,2019,https://doi.org/10.48550/arxiv.1908.05402,1908.05402,https://export.arxiv.org/e-print/1908.05402,arXiv (Cornell University),True,unknown,False,https://arxiv.org/pdf/1908.05402,2
https://openalex.org/W3166485685,Uncertainty-Aware Signal Temporal Logic Inference,2021,https://doi.org/10.48550/arxiv.2105.11545,2105.11545,https://export.arxiv.org/e-print/2105.11545,arXiv (Cornell University),True,unknown,False,https://arxiv.org/pdf/2105.11545,2
https://openalex.org/W3182501195,Rule-based Evaluation and Optimal Control for Autonomous Driving,2021,https://doi.org/10.48550/arxiv.2107.07460,2107.07460,https://export.arxiv.org/e-print/2107.07460,arXiv (Cornell University),True,unknown,False,https://arxiv.org/pdf/2107.07460,2
https://openalex.org/W3186569502,Reinforcement Learning Agent Training with Goals for Real World Tasks,2021,https://doi.org/10.48550/arxiv.2107.10390,2107.10390,https://export.arxiv.org/e-print/2107.10390,arXiv (Cornell University),True,unknown,False,https://arxiv.org/pdf/2107.10390,2
https://openalex.org/W3205585911,Online Motion Planning with Soft Timed Temporal Logic in Dynamic and Unknown Environment.,2021,,2110.09007,https://export.arxiv.org/e-print/2110.09007,arXiv (Cornell University),True,unknown,False,http://export.arxiv.org/pdf/2110.09007,2
https://openalex.org/W2098622475,Runtime Verification of Analog and Mixed Signal Designs,2009,,,,Spectrum Research Repository (Concordia University),False,unknown,False,,1
https://openalex.org/W2414354520,Automatic Control Design Synthesis under Metric Interval Temporal Logic Specifications,2016,,,,KTH Publication Database DiVA (KTH Royal Institute of Technology),True,other-oa,False,http://urn.kb.se/resolve?urn=urn:nbn:se:kth:diva-187716,1
https://openalex.org/W2567579026,Learning Auditable Features from Signals Using Unsupervised Temporal Projection.,2016,,1612.07823,https://export.arxiv.org/e-print/1612.07823,arXiv (Cornell University),True,unknown,False,https://arxiv.org/pdf/1612.07823v1,1
https://openalex.org/W2794906167,Tech Report: Fly-by-Logic: Control of Multi-Drone Fleets with Temporal Logic Objectives,2018,,,,ScholarlyCommons (University of Pennsylvania),False,unknown,False,,1
https://openalex.org/W2952646558,Signal Convolution Logic,2018,https://doi.org/10.48550/arxiv.1806.00238,1806.00238,https://export.arxiv.org/e-print/1806.00238,arXiv (Cornell University),True,unknown,False,https://arxiv.org/pdf/1806.00238,1
https://openalex.org/W2953264530,A Provably Correct MPC Approach to Safety Control of Urban Traffic Networks,2016,https://doi.org/10.48550/arxiv.1602.01028,1602.01028,https://export.arxiv.org/e-print/1602.01028,arXiv (Cornell University),True,unknown,False,https://arxiv.org/pdf/1602.01028,1
https://openalex.org/W2954478812,Online Quantitative Timed Pattern Matching with Semiring-Valued Weighted Automata,2019,https://doi.org/10.48550/arxiv.1906.12133,1906.12133,https://export.arxiv.org/e-print/1906.12133,arXiv (Cornell University),True,unknown,False,https://arxiv.org/pdf/1906.12133,1
https://openalex.org/W2971504415,Gradient-Based STL Control with Application to Nonholonomic Systems,2019,https://doi.org/10.48550/arxiv.1909.02483,1909.02483,https://export.arxiv.org/e-print/1909.02483,arXiv (Cornell University),True,unknown,False,https://arxiv.org/pdf/1909.02483,1
https://openalex.org/W2972768285,Better AI through Logical Scaffolding,2019,https://doi.org/10.48550/arxiv.1909.06965,1909.06965,https://export.arxiv.org/e-print/1909.06965,arXiv (Cornell University),True,unknown,False,https://arxiv.org/pdf/1909.06965,1
https://openalex.org/W3014403430,Formal controller synthesis for hybrid systems using genetic programming,2020,https://doi.org/10.48550/arxiv.2003.14322,2003.14322,https://export.arxiv.org/e-print/2003.14322,arXiv (Cornell University),True,unknown,False,https://arxiv.org/pdf/2003.14322,1
https://openalex.org/W3088894938,Recurrent Neural Network Controllers for Signal Temporal Logic Specifications Subject to Safety Constraints,2020,https://doi.org/10.48550/arxiv.2009.11468,2009.11468,https://export.arxiv.org/e-print/2009.11468,arXiv (Cornell University),True,unknown,False,https://arxiv.org/pdf/2009.11468,1
https://openalex.org/W3128718496,Constrained Optimization for Hybrid System Falsification and Application to Conjunctive Synthesis,2020,https://doi.org/10.48550/arxiv.2012.00319,2012.00319,https://export.arxiv.org/e-print/2012.00319,arXiv (Cornell University),True,unknown,False,https://arxiv.org/pdf/2012.00319,1
https://openalex.org/W3130886004,High Order Control Lyapunov-Barrier Functions for Temporal Logic Specifications,2021,https://doi.org/10.48550/arxiv.2102.06787,2102.06787,https://export.arxiv.org/e-print/2102.06787,arXiv (Cornell University),True,unknown,False,https://arxiv.org/pdf/2102.06787,1
https://openalex.org/W3136067464,A Program Logic to Verify Signal Temporal Logic Specifications of Hybrid Systems: Extended Technical Report,2021,https://doi.org/10.48550/arxiv.2103.08117,2103.08117,https://export.arxiv.org/e-print/2103.08117,arXiv (Cornell University),True,unknown,False,https://arxiv.org/pdf/2103.08117,1
https://openalex.org/W3136855603,Switching Controller Synthesis for Delay Hybrid Systems under Perturbations,2021,https://doi.org/10.48550/arxiv.2103.11565,2103.11565,https://export.arxiv.org/e-print/2103.11565,arXiv (Cornell University),True,cc-by,True,https://arxiv.org/pdf/2103.11565,1
https://openalex.org/W3137470369,Robust satisfiability check and online control synthesis for uncertain systems under signal temporal logic specifications.,2021,,2103.09091,https://export.arxiv.org/e-print/2103.09091,arXiv (Cornell University),True,unknown,False,https://arxiv.org/pdf/2103.09091.pdf,1
https://openalex.org/W4229804455,Testing Cyber-Physical Systems Using a Line-Search Falsification Method,2021,https://doi.org/10.36227/techrxiv.14555826.v3,,,,True,cc-by,True,https://doi.org/10.36227/techrxiv.14555826.v3,1
https://openalex.org/W4230194110,Testing Cyber-Physical Systems Using a Line-Search Falsification Method,2021,https://doi.org/10.36227/techrxiv.14555826,,,,True,cc-by,True,https://www.techrxiv.org/articles/preprint/Falsifying_Cyber-Physical_Systems_a_Hybrid_Optimization-Free_and_an_Optimization-Based_Line-Search_Approach/14555826/3/files/28633368.pdf,1
https://openalex.org/W4310998906,"No driver, No Regulation? --Online Legal Driving Behavior Monitoring for Self-driving Vehicles",2022,https://doi.org/10.48550/arxiv.2212.04156,2212.04156,https://export.arxiv.org/e-print/2212.04156,arXiv (Cornell University),True,unknown,False,https://arxiv.org/pdf/2212.04156,1
https://openalex.org/W4385305816,Efficient Model Checking: The Power of Randomness,2023,https://doi.org/10.54337/aau534292082,,,,True,unknown,False,https://vbn.aau.dk/files/534292082/PHD_AK.pdf,1
https://openalex.org/W4389476199,Proceedings of the 21st ACM-IEEE International Conference on Formal Methods and Models for System Design,2023,https://doi.org/10.1145/3610579,,,,True,other-oa,False,https://dl.acm.org/doi/pdf/10.1145/3610579,1
https://openalex.org/W7168643353,Towards Counterfactual Explanation and Assertion Inference for CPS Debugging,2026,https://doi.org/10.1109/icst69053.2026.00084,,,,False,unknown,False,,1
https://openalex.org/W2135627041,Model-checking mean-field models : algorithms & applications,2014,https://doi.org/10.3990/1.9789036538213,,,,True,other-oa,False,https://ris.utwente.nl/ws/files/6030985/thesis_A_Kolesnichenko.pdf,0
https://openalex.org/W2143301601,A Framework for Noise Analysis and Verification of Analog Circuits,2012,,,,Spectrum Research Repository (Concordia University),True,unknown,False,https://spectrum.library.concordia.ca/973941/1/Thesis_Final.pdf,0
https://openalex.org/W2148656959,Applicability of Formal Methods for Safety-Critical Systems in the Context of ISO 26262,2015,,,,PORTO@Iris,False,unknown,False,,0
https://openalex.org/W2184069432,Checking Properties of PLL Designs using,2007,,,,,False,unknown,False,,0
https://openalex.org/W2219275242,Logic-Based Formalisms,2012,https://doi.org/10.1007/978-3-642-32332-4_9,,,Monographs in theoretical computer science,False,unknown,False,,0
https://openalex.org/W2277396149,Spatio-temporal logic for the analysis of biochemical models,2015,,,,ERA,True,cc-by-nc-sa,False,http://hdl.handle.net/1842/10512,0
https://openalex.org/W2292633880,Model Predictive Control from Signal Temporal Logic Specifications: A Case Study (Work in Progress),2014,,,,,False,unknown,False,,0
https://openalex.org/W2325200041,Proceedings 1st International Workshop on Synthesis of Continuous Parameters,2014,https://doi.org/10.4204/eptcs.145.2,,,Electronic Proceedings in Theoretical Computer Science,True,cc-by-nc-nd,False,https://doi.org/10.4204/eptcs.145.2,0
https://openalex.org/W2344717605,Temporal Logic Verific ation Using Simulation,2006,,,,,False,unknown,False,,0
https://openalex.org/W2475260563,Towards Fast Safe Mission Planning,2016,,,,,False,unknown,False,,0
https://openalex.org/W2503372790,Model Checking Two Layers of Mean-Field Models,2016,https://doi.org/10.1007/978-3-319-30599-8_13,,,Springer series in reliability engineering,False,unknown,False,,0
https://openalex.org/W2554965711,"Efficient, sound formal verification for analog/mixed-signal circuits",2016,https://doi.org/10.26053/0h-bk08-vsg0,,,ProQuest Demo Repository,True,unknown,False,https://doi.org/10.26053/0h-bk08-vsg0,0
https://openalex.org/W2561906579,A Logic for Verifying Metric Temporal Properties in Distributed Hybrid Systems,2018,https://doi.org/10.29007/smg4,,,EPiC series in computing,True,unknown,False,https://easychair.org/publications/open/CG,0
https://openalex.org/W2579527801,An Architecture for Hybrid Planning and Execution.,2016,,,,National Conference on Artificial Intelligence,False,unknown,False,,0
https://openalex.org/W2618189023,"Design, optimization and control in systems and synthetic biology",2014,,,,HAL (Le Centre pour la Communication Scientifique Directe),True,other-oa,False,https://theses.hal.science/tel-00958566,0
https://openalex.org/W2735997040,Tunable Reactive Synthesis for Lipschitz-Bounded Systems with Temporal Logic Specifications,2017,https://doi.org/10.48550/arxiv.1707.03529,1707.03529,https://export.arxiv.org/e-print/1707.03529,arXiv (Cornell University),True,unknown,False,https://arxiv.org/pdf/1707.03529,0
https://openalex.org/W2751134272,EPiC Series in Computing,2017,,,,Institute of Science and Technology Austria,True,other-oa,False,https://research-explorer.ista.ac.at/record/10877,0
https://openalex.org/W2762246817,Formal Requirements-Driven Analysis of Cyber Physical Systems,2017,,,,,False,unknown,False,,0
https://openalex.org/W2786019393,Local Descent For Temporal Logic Falsification of Cyber-Physical Systems (Extended Technical Report),2018,https://doi.org/10.48550/arxiv.1802.04866,1802.04866,https://export.arxiv.org/e-print/1802.04866,arXiv (Cornell University),True,unknown,False,https://arxiv.org/pdf/1802.04866,0
https://openalex.org/W2793381896,Reachability Analysis of Cyber-Physical Systems Using Symbolic-Numeric Techniques,2016,,,,CU Scholar (University of Colorado Boulder),True,unknown,False,https://scholar.colorado.edu/concern/graduate_thesis_or_dissertations/37720c898,0
https://openalex.org/W2794617955,AMS-Miner: Mining AMS Assertions Using Interval Arithmetic,2018,https://doi.org/10.1109/vlsid.2018.98,,,,False,unknown,False,,0
https://openalex.org/W2801186360,Inductive Certificate Synthesis for Control Design,2018,https://doi.org/10.48550/arxiv.1805.01822,1805.01822,https://export.arxiv.org/e-print/1805.01822,arXiv (Cornell University),True,unknown,False,https://arxiv.org/pdf/1805.01822,0
https://openalex.org/W2910540940,Failure-Adverse Closed-Loop Statistical Verification,2019,https://doi.org/10.2514/6.2019-0648,,,AIAA Scitech 2019 Forum,False,unknown,False,,0
https://openalex.org/W2913479784,Bayesian statistical parametric verification and synthesis by machine learning,2018,https://doi.org/10.5555/3320516.3320571,,,Winter Simulation Conference,False,unknown,False,,0
https://openalex.org/W2914262973,Directed Control of Discrete Event Systems with $\mathbf{LTL} [\mathcal{F}]$ Specifications,2018,https://doi.org/10.1109/cdc.2018.8619233,,,,False,unknown,False,,0
https://openalex.org/W2939215855,Reliable Simulation and Monitoring of Hybrid Systems Based on Interval Analysis,2019,https://doi.org/10.1007/978-3-030-17910-6_6,,,Lecture notes in computer science,False,unknown,False,,0
https://openalex.org/W2944166465,Simulation Based Formal Verification of Cyber-Physical Systems,2019,https://doi.org/10.48550/arxiv.1905.04780,1905.04780,https://export.arxiv.org/e-print/1905.04780,arXiv (Cornell University),True,unknown,False,https://arxiv.org/pdf/1905.04780,0
https://openalex.org/W2949713685,On-Line Monitoring for Temporal Logic Robustness,2014,https://doi.org/10.48550/arxiv.1408.0045,1408.0045,https://export.arxiv.org/e-print/1408.0045,arXiv (Cornell University),True,unknown,False,https://arxiv.org/pdf/1408.0045,0
https://openalex.org/W2952464493,Stochastic Spatial Modelling of the Remyelination Process in Multiple Sclerosis Lesions,2019,https://doi.org/10.1007/978-3-030-17297-8_11,,,Computational biology,False,unknown,False,,0
https://openalex.org/W2952898435,Diagnosis and Repair for Synthesis from Signal Temporal Logic Specifications,2016,https://doi.org/10.48550/arxiv.1602.01883,1602.01883,https://export.arxiv.org/e-print/1602.01883,arXiv (Cornell University),True,unknown,False,https://arxiv.org/pdf/1602.01883,0
https://openalex.org/W2953039075,A Logic-Based Learning Approach to Explore Diabetes Patient Behaviors,2019,https://doi.org/10.48550/arxiv.1906.10073,1906.10073,https://export.arxiv.org/e-print/1906.10073,arXiv (Cornell University),True,unknown,False,https://arxiv.org/pdf/1906.10073,0
https://openalex.org/W2965678960,Runtime Monitoring of Real time Safety Requirements in Smart Cities.,2019,,1908.02366,https://export.arxiv.org/e-print/1908.02366,arXiv (Cornell University),True,unknown,False,https://arxiv.org/pdf/1908.02366.pdf,0
https://openalex.org/W2981884809,Formally designing and implementing cyber security mechanisms in industrial control networks.,2019,https://doi.org/10.18297/etd/3271,,,,True,unknown,False,https://ir.library.louisville.edu/cgi/viewcontent.cgi?article=4490&context=etd,0
https://openalex.org/W2990228121,Accelerating Parameter Synthesis Using Semi-algebraic Constraints,2019,https://doi.org/10.1007/978-3-030-34968-4_2,,,Lecture notes in computer science,False,unknown,False,,0
https://openalex.org/W2991659948,Control of Timed Discrete Event Systems with Ticked Linear Temporal Logic Constraints,2019,https://doi.org/10.48550/arxiv.1912.02513,1912.02513,https://export.arxiv.org/e-print/1912.02513,arXiv (Cornell University),True,unknown,False,https://arxiv.org/pdf/1912.02513,0
https://openalex.org/W3009803742,CYBER-PHYSICAL SYSTEMS: FROM SPECIFICATION INFERENCE TO DESIGN ANALYSIS,2018,,,,,False,unknown,False,,0
https://openalex.org/W3015204214,Guided Policy Improvement for Satisfying STL Tasks using Funnel Adaptation,2020,https://doi.org/10.48550/arxiv.2004.05653,2004.05653,https://export.arxiv.org/e-print/2004.05653,arXiv (Cornell University),True,unknown,False,https://arxiv.org/pdf/2004.05653,0
https://openalex.org/W3033924160,Non-uniform Sampled Motion Planning for Continuous-time STL,2020,https://doi.org/10.48550/arxiv.2006.02351,2006.02351,https://export.arxiv.org/e-print/2006.02351,arXiv (Cornell University),True,unknown,False,https://arxiv.org/pdf/2006.02351,0
https://openalex.org/W3038513599,SaSTL: Spatial Aggregation Signal Temporal Logic for Runtime Monitoring in Smart Cities,2019,https://doi.org/10.48550/arxiv.1908.02366,1908.02366,https://export.arxiv.org/e-print/1908.02366,arXiv (Cornell University),True,unknown,False,https://arxiv.org/pdf/1908.02366,0
https://openalex.org/W3047484697,Probabilistic Conformance for Cyber-Physical Systems,2020,https://doi.org/10.48550/arxiv.2008.01135,2008.01135,https://export.arxiv.org/e-print/2008.01135,arXiv (Cornell University),True,unknown,False,https://arxiv.org/pdf/2008.01135,0
https://openalex.org/W3049290023,Technical Report: Property-Directed Verified Monitoring of Signal Temporal Logic,2020,https://doi.org/10.48550/arxiv.2008.06589,2008.06589,https://export.arxiv.org/e-print/2008.06589,arXiv (Cornell University),True,unknown,False,https://arxiv.org/pdf/2008.06589,0
https://openalex.org/W3081104475,Learning Temporal Causal Sequence Relationships,2019,,1905.12262,https://export.arxiv.org/e-print/1905.12262,arXiv (Cornell University),True,unknown,False,https://arxiv.org/abs/1905.12262,0
https://openalex.org/W3084507831,Verifying Stochastic Hybrid Systems with Temporal Logic Specifications via Model Reduction,2020,https://doi.org/10.48550/arxiv.2009.07649,2009.07649,https://export.arxiv.org/e-print/2009.07649,arXiv (Cornell University),True,unknown,False,https://arxiv.org/pdf/2009.07649,0
https://openalex.org/W3086783470,Logical Signal Processing: A Fourier Analysis of Temporal Logic,2020,https://doi.org/10.1007/978-3-030-60508-7_20,2009.08090,https://export.arxiv.org/e-print/2009.08090,Lecture notes in computer science,True,unknown,False,https://arxiv.org/pdf/2009.08090,0
https://openalex.org/W3105419158,Application of Simulation-Based Methods on Autonomous Vehicle Control with Deep Neural Network: Work-in-Progress,2020,https://doi.org/10.1109/emsoft51651.2020.9244013,,,,False,unknown,False,,0
https://openalex.org/W3106987548,Event-triggered Feedback Control for Signal Temporal Logic Tasks,2020,https://doi.org/10.48550/arxiv.2011.12772,2011.12772,https://export.arxiv.org/e-print/2011.12772,arXiv (Cornell University),True,unknown,False,https://arxiv.org/pdf/2011.12772,0
https://openalex.org/W3110605104,Decentralized Control Barrier Functions for Coupled Multi-Agent Systems under Signal Temporal Logic Tasks,2020,https://doi.org/10.48550/arxiv.2011.12775,2011.12775,https://export.arxiv.org/e-print/2011.12775,arXiv (Cornell University),True,unknown,False,https://arxiv.org/pdf/2011.12775,0
https://openalex.org/W3115393822,Temporal Logic for Programmable Logic Controllers,2020,https://doi.org/10.18255/1818-1015-2020-4-412-427,,,Modeling and Analysis of Information Systems,True,cc-by,True,https://www.mais-journal.ru/jour/article/download/1433/1088,0
https://openalex.org/W3118536825,Quantitative Corner Case Feature Analysis of Hybrid Automata with ForFET$^{SMT}$,2020,https://doi.org/10.48550/arxiv.2101.01255,2101.01255,https://export.arxiv.org/e-print/2101.01255,arXiv (Cornell University),True,unknown,False,https://arxiv.org/pdf/2101.01255,0
https://openalex.org/W3120403074,Combining Genetic Programming and Model Checking to Generate Environment Assumptions,2021,https://doi.org/10.1109/tse.2021.3101818,2101.01933,https://export.arxiv.org/e-print/2101.01933,IEEE Transactions on Software Engineering,True,public-domain,False,https://arxiv.org/pdf/2101.01933,0
https://openalex.org/W3127094934,Barrier Function-based Collaborative Control of Multiple Robots under Signal Temporal Logic Tasks,2021,https://doi.org/10.48550/arxiv.2102.02609,2102.02609,https://export.arxiv.org/e-print/2102.02609,arXiv (Cornell University),True,unknown,False,https://arxiv.org/pdf/2102.02609,0
https://openalex.org/W3131833463,Optimal Mixed Discrete-Continuous Planning for Linear Hybrid Systems,2021,https://doi.org/10.48550/arxiv.2102.08261,2102.08261,https://export.arxiv.org/e-print/2102.08261,arXiv (Cornell University),True,unknown,False,https://arxiv.org/pdf/2102.08261,0
https://openalex.org/W3137389162,Using Architectural Runtime Verification for Offline Data Analysis,2021,https://doi.org/10.2991/jase.d.210205.001,,,Journal of Automotive Software Engineering,True,cc-by-nc,False,https://files.athena-publishing.com/article/22.pdf,0
https://openalex.org/W3156036822,A Novel Spatial-Temporal Specification-Based Monitoring System for Smart Cities,2021,https://doi.org/10.48550/arxiv.2104.04904,2104.04904,https://export.arxiv.org/e-print/2104.04904,arXiv (Cornell University),True,unknown,False,https://arxiv.org/pdf/2104.04904,0
https://openalex.org/W3156689661,Active and Sparse Methods in Smoothed Model Checking,2021,https://doi.org/10.1007/978-3-030-85172-9_12,2104.09940,https://export.arxiv.org/e-print/2104.09940,Lecture notes in computer science,True,unknown,False,https://arxiv.org/pdf/2104.09940,0
https://openalex.org/W3160148287,Falsifying Cyber-Physical Systems -- a Hybrid Optimization-Free and an Optimization-Based Line-Search Approach,2021,https://doi.org/10.36227/techrxiv.14555826.v1,,,,True,cc-by,True,https://www.techrxiv.org/articles/preprint/Falsifying_Cyber-Physical_Systems_a_Hybrid_Optimization-Free_and_an_Optimization-Based_Line-Search_Approach/14555826/1/files/27926199.pdf,0
https://openalex.org/W3184332302,Efficient Resource Management of Clustered Multi-Processor Systems Through Formal Property Exploration,2021,https://doi.org/10.23919/date51398.2021.9473998,,,,False,unknown,False,,0
https://openalex.org/W3197304404,Learning Performance Bounds for Safety-Critical Systems,2021,https://doi.org/10.48550/arxiv.2109.04026,2109.04026,https://export.arxiv.org/e-print/2109.04026,arXiv (Cornell University),True,unknown,False,https://arxiv.org/pdf/2109.04026,0
https://openalex.org/W3199168750,Efficient Black-Box Checking via Model Checking with Strengthened Specifications,2021,https://doi.org/10.48550/arxiv.2109.04656,2109.04656,https://export.arxiv.org/e-print/2109.04656,arXiv (Cornell University),True,unknown,False,https://arxiv.org/pdf/2109.04656,0
https://openalex.org/W3206321078,Towards formalization and monitoring of microscopic traffic parameters using temporal logic,2021,https://doi.org/10.48550/arxiv.2110.06208,2110.06208,https://export.arxiv.org/e-print/2110.06208,arXiv (Cornell University),True,unknown,False,https://arxiv.org/pdf/2110.06208,0
https://openalex.org/W3206658522,Higher Order Convergent Control Barrier Functions for Leader-Follower Multi-Agent Systems under STL Tasks,2021,https://doi.org/10.48550/arxiv.2103.15604,2103.15604,https://export.arxiv.org/e-print/2103.15604,arXiv (Cornell University),True,unknown,False,https://arxiv.org/pdf/2103.15604,0
https://openalex.org/W3211563249,Trust-aware Control for Intelligent Transportation Systems,2021,https://doi.org/10.48550/arxiv.2111.04248,2111.04248,https://export.arxiv.org/e-print/2111.04248,arXiv (Cornell University),True,cc-by-nc-nd,False,https://arxiv.org/pdf/2111.04248,0
https://openalex.org/W4200110885,Formal Synthesis,2021,https://doi.org/10.1007/978-3-030-78731-8_6,,,Advanced textbooks in control and signal processing,False,unknown,False,,0
https://openalex.org/W4205503987,Data-driven Verification using Efficient Active Learning,2022,https://doi.org/10.2514/6.2022-2086,,,AIAA SCITECH 2022 Forum,False,unknown,False,,0
https://openalex.org/W4213214852,Cost-Optimal Control of Markov Decision Processes Under Signal Temporal Logic Constraints,2021,https://doi.org/10.1109/icc54714.2021.9703164,,,,False,unknown,False,,0
https://openalex.org/W4225381389,A Multiresolution Analysis of Temporal Logic,2022,https://doi.org/10.1145/3501710.3519531,,,,False,unknown,False,,0
https://openalex.org/W4235512257,IEEE Pervasive Computing Call for Articles,2021,https://doi.org/10.1109/mc.2021.3102342,,,Computer,True,unknown,False,https://ieeexplore.ieee.org/ielx7/2/9524643/09524649.pdf,0
https://openalex.org/W4239996759,Formal Methods for Controlling Dynamical Systems,2019,https://doi.org/10.1007/978-1-4471-5102-9_100050-1,,,Encyclopedia of Systems and Control,False,unknown,False,,0
https://openalex.org/W4240671765,Formal Methods for Controlling Dynamical Systems,2021,https://doi.org/10.1007/978-3-030-44184-5_100050,,,Encyclopedia of Systems and Control,False,unknown,False,,0
https://openalex.org/W4242164989,Introduction,2019,https://doi.org/10.1007/978-3-030-00704-1_1,,,Progress in computer science and applied logic,False,unknown,False,,0
https://openalex.org/W4250267054,Falsifying Cyber-Physical Systems -- a Hybrid Optimization-Free and an Optimization-Based Line-Search Approach,2021,https://doi.org/10.36227/techrxiv.14555826.v2,,,,True,cc-by,True,https://www.techrxiv.org/articles/preprint/Falsifying_Cyber-Physical_Systems_a_Hybrid_Optimization-Free_and_an_Optimization-Based_Line-Search_Approach/14555826/2/files/28225206.pdf,0
https://openalex.org/W4252734721,From Simulation to Runtime Verification and Back: Connecting Single-run Verification Techniques,2019,https://doi.org/10.22360/springsim.2019.anss.027,,,,True,unknown,False,https://dl.acm.org/doi/pdf/10.5555/3338027.3338054,0
https://openalex.org/W4297922698,The Quest for an Adequate Semantic Basis of Dense-Time Metric Temporal Logic,2022,https://doi.org/10.1007/978-3-031-15629-8_12,,,Lecture notes in computer science,False,unknown,False,,0
https://openalex.org/W4302774961,Koopman-Model Predictive Control with Signal Temporal Logic Specifications for Temperature Regulation of a Warm-Water Supply System,2022,https://doi.org/10.23919/sice56594.2022.9905828,2207.04184,https://export.arxiv.org/e-print/2207.04184,2022 61st Annual Conference of the Society of Instrument and Control Engineers (SICE),True,unknown,False,https://arxiv.org/pdf/2207.04184,0
https://openalex.org/W4312601640,Zeroing Control Barrier Function with Time Scale Transformation for Time Interval Signal Temporal Logic Task,2022,https://doi.org/10.1109/ccta49430.2022.9966169,,,2022 IEEE Conference on Control Technology and Applications (CCTA),False,unknown,False,,0
https://openalex.org/W4313069699,Spatio-temporal Model Checking for 3D Individual-Based Biofilm Simulations,2022,https://doi.org/10.1007/978-3-031-16011-0_11,,,Lecture notes in computer science,False,unknown,False,,0
https://openalex.org/W4313187333,Understanding Social Feedback in Biological Collectives with Smoothed Model Checking,2022,https://doi.org/10.1007/978-3-031-19759-8_12,,,Lecture notes in computer science,True,cc-by,True,https://doi.org/10.1007/978-3-031-19759-8_12,0
https://openalex.org/W4313496256,A Trajectory Deformation Algorithm for Intelligent Vehicles,2022,https://doi.org/10.1109/lars/sbr/wre56824.2022.9995981,,,,True,unknown,False,http://www.teses.usp.br/teses/disponiveis/55/55134/tde-06092023-164648/publico/VictorHugoSillericoJusto_ME_revisada.pdf,0
https://openalex.org/W4323048370,Learning regular languages over large alphabets,2017,https://doi.org/10.12681/eadd/53415,,,,False,unknown,False,,0
https://openalex.org/W4324119699,Two-layer MPC for Unmanned Surface Vehicle under Signal Temporal Logic Tasks,2022,https://doi.org/10.1109/cac57257.2022.10055783,,,,False,unknown,False,,0
https://openalex.org/W4378699819,Arithmetic Satisfiability-Modulo-Theory Solving Applied to Nonstandard Analysis Problems of Cyber-Physical Systems,2012,https://doi.org/10.1007/978-3-031-28916-3_1,,,Springer eBooks,False,unknown,False,,0
https://openalex.org/W4379142268,Centralized Multi-agent Synthesis with Spatial Constraints via Mixed-Integer Quadratic Programming,2023,https://doi.org/10.1007/978-3-031-33170-1_12,,,Lecture notes in computer science,False,unknown,False,,0
https://openalex.org/W4381511620,Runtime verification of real-time event streams using the tool HStriver,2022,https://doi.org/10.1007/s10703-023-00428-9,,,Formal Methods in System Design,False,unknown,False,,0
https://openalex.org/W4381850390,Assume-Guarantee Contracts as a Spectrum Management Tool,2023,https://doi.org/10.2139/ssrn.4480467,,,SSRN Electronic Journal,True,unknown,False,https://doi.org/10.2139/ssrn.4480467,0
https://openalex.org/W4385259686,Platoons Coordination Based on Decentralized Higher Order Barrier Certificates,2023,https://doi.org/10.1109/med59994.2023.10185642,,,,True,other-oa,False,https://kth.diva-portal.org/smash/get/diva2:1762612/FULLTEXT01,0
https://openalex.org/W4385800686,Finding Needles in Haystack: Formal Generative Models for Efficient Massive Parallel Simulations,2023,https://doi.org/10.1109/vtc2023-spring57618.2023.10201233,,,,False,unknown,False,,0
https://openalex.org/W4386233860,Usage-and Risk-Aware Falsification Testing for Cyber-Physical Systems,2023,https://doi.org/10.1007/978-3-031-42626-1_9,,,Lecture notes in computer science,True,other-oa,False,https://vbn.aau.dk/da/publications/27ff9e04-87a6-457b-90a3-51c8211fb7c8,0
https://openalex.org/W4386470966,A trajectory deformation algorithm for intelligent vehicles,2023,https://doi.org/10.11606/d.55.2023.tde-06092023-164648,,,,False,unknown,False,,0
https://openalex.org/W4386588396,Probabilistic Spatial Relations for Monitoring Behavior of Road Users,2023,https://doi.org/10.1007/978-3-031-40923-3_12,,,Lecture notes in computer science,False,unknown,False,,0
https://openalex.org/W4386596958,Path Optimal Control of Markov Decision Processes with Temporal Logic Specifications,2023,https://doi.org/10.1109/iciea58696.2023.10241523,,,,False,unknown,False,,0
https://openalex.org/W4388739098,On Input Generators for Cyber–Physical Systems Falsification,2023,https://doi.org/10.1109/tcad.2023.3333758,,,IEEE Transactions on Computer-Aided Design of Integrated Circuits and Systems,False,unknown,False,,0
https://openalex.org/W4390099942,Robust Signal Temporal Logic-based Planning for Uncertain External Events,2023,https://doi.org/10.1109/robio58561.2023.10354911,,,,False,unknown,False,,0
https://openalex.org/W4390148809,Sequential Control Barrier Functions for Mobile Robots with Dynamic Temporal Logic Specifications,2023,https://doi.org/10.2139/ssrn.4673993,,,SSRN Electronic Journal,True,unknown,False,https://doi.org/10.2139/ssrn.4673993,0
https://openalex.org/W4391446232,Control/physical systems co-design with spectral temporal logic specifications and its applications to MEMS,2024,https://doi.org/10.1080/00207179.2024.2310610,,,International Journal of Control,False,unknown,False,,0
https://openalex.org/W4391723340,Elements of Timed Pattern Matching,2024,https://doi.org/10.1145/3645114,,,ACM Transactions on Embedded Computing Systems,True,unknown,False,https://dl.acm.org/doi/pdf/10.1145/3645114,0
https://openalex.org/W4392882350,In Situ Resilience Quantification for Microgrids,2024,https://doi.org/10.1002/9781119890881.ch11,,,,False,unknown,False,,0
https://openalex.org/W4396667837,Mining of extended signal temporal logic specifications with ParetoLib 2.0,2024,https://doi.org/10.1007/s10703-024-00453-2,,,Formal Methods in System Design,True,cc-by,True,http://dx.doi.org/10.1007/s10703-024-00453-2,0
https://openalex.org/W4399121700,JOINT LEARNING OF UNKNOWN SAFETY CONSTRAINTS AND CONTROL POLICIES IN REINFORCEMENT LEARNING,2024,https://doi.org/10.33915/etd.12401,,,,True,unknown,False,https://researchrepository.wvu.edu/cgi/viewcontent.cgi?article=13103&context=etd,0
https://openalex.org/W4400526527,Decision-Making Based on Signal Temporal Logic for Ramp Merging and Diverging of Autonomous Vehicle,2024,https://doi.org/10.1109/icccr61138.2024.10585550,,,,False,unknown,False,,0
https://openalex.org/W4400939144,General Anticipatory Runtime Verification,2024,https://doi.org/10.1007/978-3-031-65630-9_7,,,Lecture notes in computer science,True,cc-by,True,https://doi.org/10.1007/978-3-031-65630-9_7,0
https://openalex.org/W4400946455,Edge-based funnel control for multi-agent systems using relative position measurements,2024,https://doi.org/10.23919/ecc64448.2024.10590874,,,,True,other-oa,False,https://kth.diva-portal.org/smash/get/diva2:1859510/FULLTEXT01,0
https://openalex.org/W4400970147,Model Predictive Control Algorithm Based on Signal Temporal Logic with Disturbances Guaranteeing Feasibility,2024,https://doi.org/10.9746/sicetr.60.429,,,Transactions of the Society of Instrument and Control Engineers,False,unknown,False,,0
https://openalex.org/W4401416157,Co-learning Planning and Control Policies Constrained by Differentiable Logic Specifications,2024,https://doi.org/10.1109/icra57147.2024.10610942,,,,False,unknown,False,,0
https://openalex.org/W4402457391,From Fault Injection to Formal Verification: A Holistic Approach to Fault Diagnosis in Cyber-Physical Systems,2024,https://doi.org/10.1145/3650212.3685552,,,,True,cc-by,True,https://dl.acm.org/doi/pdf/10.1145/3650212.3685552?download=true,0
https://openalex.org/W4403317751,HyperPart-X: Probabilistic Guarantees for Parameter Mining of Signal Temporal Logic Formulas in Cyber-Physical Systems,2024,https://doi.org/10.1007/978-3-031-74234-7_6,,,Lecture notes in computer science,False,unknown,False,,0
https://openalex.org/W4403675886,Self-Triggered Model Predictive Control for Signal Temporal Logic Tasks,2024,https://doi.org/10.1109/case59546.2024.10711435,,,,False,unknown,False,,0
https://openalex.org/W4403676076,Temporal-logic-based Exploration and Execution of Markov Decision Processes using Recursive Gaussian Processes,2024,https://doi.org/10.1109/case59546.2024.10711525,,,,False,unknown,False,,0
https://openalex.org/W4404101788,Safety Assurance for Autonomous Systems with Multiple Sensor Modalities,2024,https://doi.org/10.1109/memocode63347.2024.00018,,,,False,unknown,False,,0
https://openalex.org/W4404103052,Model-free PAC Time-Optimal Control Synthesis with Reinforcement Learning,2024,https://doi.org/10.1109/memocode63347.2024.00009,,,,False,unknown,False,,0
https://openalex.org/W4404788809,Towards Verification-Driven Control Learning,2024,https://doi.org/10.1109/icaa64256.2024.00023,,,,False,unknown,False,,0
https://openalex.org/W4405104338,"Intelligence, Surveillance and Reconnaissance Task Specifications in Temporal Logics",2024,https://doi.org/10.1109/milcom61039.2024.10773812,,,,False,unknown,False,,0
https://openalex.org/W4405429298,Decomposition-Based Chance-Constrained Control for Timed Reach-Avoid Tasks,2024,https://doi.org/10.1109/lcsys.2024.3518571,,,IEEE Control Systems Letters,False,unknown,False,,0
https://openalex.org/W4405785457,"Extensive, Long-term Task and Motion Planning with Signal Temporal Logic Specification for Autonomous Construction",2024,https://doi.org/10.1109/iros58592.2024.10802424,,,,False,unknown,False,,0
https://openalex.org/W4405785676,Adaptive Splitting of Reusable Temporal Monitors for Rare Traffic Violations,2024,https://doi.org/10.1109/iros58592.2024.10802747,,,,False,unknown,False,,0
https://openalex.org/W4405786217,Leader-Follower Cooperative Manipulation Under Spatio-Temporal Constraints,2024,https://doi.org/10.1109/iros58592.2024.10802449,,,,True,other-oa,False,https://kth.diva-portal.org/smash/get/diva2:1937187/FULLTEXT01,0
https://openalex.org/W4405788171,Motion Planning for Automata-based Objectives using Efficient Gradient-based Methods,2024,https://doi.org/10.1109/iros58592.2024.10802177,,,,False,unknown,False,,0
https://openalex.org/W4405966201,Learning Biomolecular Models using Signal Temporal Logic,2024,https://doi.org/10.1101/2024.12.09.627524,,,bioRxiv (Cold Spring Harbor Laboratory),True,unknown,False,https://www.biorxiv.org/content/biorxiv/early/2024/12/15/2024.12.09.627524.full.pdf,0
https://openalex.org/W4406804565,Real-Time Path Planning Under Signal Temporal Logic Specifications in Dynamic Environment,2025,https://doi.org/10.1007/978-981-96-0789-1_26,,,Lecture notes in computer science,False,unknown,False,,0
https://openalex.org/W4407363303,Fast Koopman Surrogate Falsification Using Linear Relaxations and Weights,2025,https://doi.org/10.1007/978-3-031-78750-8_12,,,Lecture notes in computer science,True,cc-by,True,https://hal.science/hal-04962665v1/file/FastKoopman-ATVA24.pdf,0
https://openalex.org/W4407951532,Safe Merging of Autonomous Vehicles under Temporal Logic Task,2024,https://doi.org/10.1109/cdc56724.2024.10886277,,,,False,unknown,False,,0
https://openalex.org/W4407951903,Learning Optimal Signal Temporal Logic Decision Trees for Classification: A Max-Flow MILP Formulation,2024,https://doi.org/10.1109/cdc56724.2024.10886055,,,,False,unknown,False,,0
https://openalex.org/W4408282199,Enhancing RSS to be Fault Tolerant During Overtaking Maneuvers,2024,https://doi.org/10.1109/iecon55916.2024.10905937,,,,False,unknown,False,,0
https://openalex.org/W4408402210,A Hierarchical Planning Strategy for Complex Unmanned System,2024,https://doi.org/10.1109/icftic64248.2024.10912881,,,,False,unknown,False,,0
https://openalex.org/W4408972008,Generation of Human-Cyber-Physical Controller Based on Formal Synthesis,2025,https://doi.org/10.1007/978-981-96-3161-2_18,,,Lecture notes in networks and systems,False,unknown,False,,0
https://openalex.org/W4409361881,Temporal Task and Motion Planning with Metric Time for Multiple Object Navigation,2025,https://doi.org/10.1609/aaai.v39i25.34874,,,Proceedings of the AAAI Conference on Artificial Intelligence,True,unknown,False,https://ojs.aaai.org/index.php/AAAI/article/download/34874/37029,0
https://openalex.org/W4410152222,Accelerating Neural Policy Repair with Preservation via Stability-Plasticity Interpolation,2025,https://doi.org/10.1145/3716550.3722012,,,,True,unknown,False,https://dl.acm.org/doi/pdf/10.1145/3716550.3722012,0
https://openalex.org/W4410152275,Falsification and Control of CPS using the Language Set of Discrete-Time Temporal Logic,2025,https://doi.org/10.1145/3716550.3722040,,,,True,unknown,False,https://dl.acm.org/doi/pdf/10.1145/3716550.3722040,0
https://openalex.org/W4410553367,Bridging the Gap Between Anomaly Detection and Runtime Verification: H-Classifiers,2025,https://doi.org/10.23919/date64628.2025.10993201,,,,False,unknown,False,,0
https://openalex.org/W4410556133,Multi-layer Motion Planning with Kinodynamic and Spatio-Temporal Constraints,2025,https://doi.org/10.1145/3716863.3718041,,,,True,unknown,False,https://dl.acm.org/doi/pdf/10.1145/3716863.3718041,0
https://openalex.org/W4410772248,Formal Logic-Guided Harnessing Heterogeneous Fairness Rules in Smart Cities,2025,https://doi.org/10.1145/3737293,,,ACM Transactions on Cyber-Physical Systems,False,unknown,False,,0
https://openalex.org/W4411176699,Ain’t No Stopping Us Monitoring Now,2025,https://doi.org/10.1145/3744241,,,ACM Transactions on Software Engineering and Methodology,False,unknown,False,,0
https://openalex.org/W4411233969,Cps Falsification Using Autoencoded Input Models,2025,https://doi.org/10.1109/formalise66629.2025.00007,,,,False,unknown,False,,0
https://openalex.org/W4411271284,Past-time Signal Temporal Logic Hybrid Switching Control for Underwater Vehicles,2024,https://doi.org/10.1109/auv61864.2024.11030402,,,,False,unknown,False,,0
https://openalex.org/W4411629081,Topology-aware planning under linear temporal logic constraints,2025,https://doi.org/10.1007/s41468-025-00217-9,,,Journal of Applied and Computational Topology,False,unknown,False,,0
https://openalex.org/W4412604426,Signal Temporal Logic-Based Neural Network for Driving Task Generation in Advanced Driver Assistance Systems,2025,https://doi.org/10.2139/ssrn.5363816,,,SSRN Electronic Journal,True,unknown,False,https://doi.org/10.2139/ssrn.5363816,0
https://openalex.org/W4412953666,Efficient Runtime Verification of Real-Time Systems under Parametric Communication Delays,2025,https://doi.org/10.1145/3749848,,,Formal Aspects of Computing,True,cc-by,True,https://dl.acm.org/doi/pdf/10.1145/3749848,0
https://openalex.org/W4413393812,Pareto-Optimal Interventions in Gene Regulatory Networks using Signal Temporal Logic,2025,https://doi.org/10.23919/acc63710.2025.11108118,,,,True,unknown,False,https://pmc.ncbi.nlm.nih.gov/articles/PMC12950180/,0
https://openalex.org/W4413761426,Efficient Black-Box Checking with Specification-Guided Abstraction,2025,https://doi.org/10.1145/3762659,,,ACM Transactions on Embedded Computing Systems,True,cc-by,True,https://dl.acm.org/doi/pdf/10.1145/3762659,0
https://openalex.org/W4413843800,Causality Monitoring for MIMOS,2025,https://doi.org/10.1007/978-3-031-97439-7_14,,,Lecture notes in computer science,False,unknown,False,,0
https://openalex.org/W4413918034,An Iterative Approach for Heterogeneous Multi-Agent Route Planning with Resource Transportation Uncertainty and Temporal Logic Goals,2025,https://doi.org/10.1109/icra55743.2025.11128052,,,,False,unknown,False,,0
https://openalex.org/W4413978606,Receding Horizon Control for Signal Temporal Logic Using Robustness-Conserving Partial Formula Evaluation,2025,https://doi.org/10.1109/lra.2025.3606350,,,IEEE Robotics and Automation Letters,True,cc-by,True,https://doi.org/10.1109/lra.2025.3606350,0
https://openalex.org/W4414117888,Drive-by-Logic: Trajectory Generation for Nonholonomic Ground Robots with Signal Temporal Logic Objectives,2025,https://doi.org/10.1109/ccta53793.2025.11151389,,,,False,unknown,False,,0
https://openalex.org/W4414597325,Configurable Abstraction of Signals Using Signal Temporal Logic,2025,https://doi.org/10.1007/978-3-032-04190-6_19,,,Lecture notes in computer science,False,unknown,False,,0
https://openalex.org/W4414598949,ISL: Monitoring Image Segmentation Logic in Medical Imaging Analysis,2025,https://doi.org/10.1007/978-3-032-05435-7_26,,,Lecture notes in computer science,False,unknown,False,,0
https://openalex.org/W4414599282,A Practical Approach to Runtime Verification,2025,https://doi.org/10.1007/978-3-032-05435-7_21,,,Lecture notes in computer science,False,unknown,False,,0
https://openalex.org/W4414599614,Extended Timed Regular Expressions,2025,https://doi.org/10.1007/978-3-032-05435-7_14,,,Lecture notes in computer science,False,unknown,False,,0
https://openalex.org/W4414599720,Conformal Predictive Monitoring for Multi-modal Scenarios,2025,https://doi.org/10.1007/978-3-032-05435-7_19,,,Lecture notes in computer science,False,unknown,False,,0
https://openalex.org/W4414648563,BSTL: Bayesian Signal Temporal Logic for Predictive Edge Service Monitoring,2025,https://doi.org/10.1109/icws67624.2025.00064,,,,False,unknown,False,,0
https://openalex.org/W4414702912,Signal Sampling and Optimisation Under Symbolic Timed Automata Constraints,2025,https://doi.org/10.1007/978-3-032-05792-1_6,,,Lecture notes in computer science,True,other-oa,False,https://hal.science/hal-05326434,0
https://openalex.org/W4415047865,Sequential Decomposition and Dynamic Activation for UAV Motion Planning Under STL Specifications,2025,https://doi.org/10.23919/ccc64809.2025.11179016,,,,False,unknown,False,,0
https://openalex.org/W4415089984,Self-supervised Time-Series Anomaly Detection with Temporal Logic Explanations,2025,https://doi.org/10.1007/978-3-032-08067-7_15,,,Lecture notes in computer science,False,unknown,False,,0
https://openalex.org/W4415179804,OMTBT: Online Monitoring of Temporal Behavior Trees with Applications to Closed-Loop Learning,2025,https://doi.org/10.23919/ecc65951.2025.11187275,,,,False,unknown,False,,0
https://openalex.org/W4415400183,TruckRSS: Adding Variable Mass to the Responsibility-Sensitive Safety Model,2025,https://doi.org/10.1109/etfa65518.2025.11205725,,,,True,other-oa,False,https://repositorio.ufsc.br/handle/123456789/266480,0
https://openalex.org/W4416237250,Active Model Discrimination Algorithms for Switched Piecewise Affine Inclusion Systems with Temporal Logic Constraints,2025,https://doi.org/10.1007/978-3-031-94239-6_5,,,Mathematical engineering,False,unknown,False,,0
https://openalex.org/W4416429571,TOGGLE: Temporal Logic-Guided Large Language Model Compression for Edge,2025,https://doi.org/10.1109/iccad66269.2025.11240962,2512.16855,https://export.arxiv.org/e-print/2512.16855,,True,unknown,False,https://arxiv.org/pdf/2512.16855,0
https://openalex.org/W4416748826,Signal Temporal Logic Compliant Co-design of Planning and Control,2025,https://doi.org/10.1109/iros60139.2025.11247417,,,,False,unknown,False,,0
https://openalex.org/W4416748945,When Every Transmission Counts: Event-Trigger Threshold Regulation for STL Properties,2025,https://doi.org/10.1109/jiot.2025.3637893,,,IEEE Internet of Things Journal,False,unknown,False,,0
https://openalex.org/W4416749916,Real-Time Guaranteed Monitoring for a Drone Using Interval Analysis and Signal Temporal Logic,2025,https://doi.org/10.1109/iros60139.2025.11245994,,,,False,unknown,False,,0
https://openalex.org/W4416750700,Multi-Agent Reinforcement Learning Guided by Signal Temporal Logic Specifications,2025,https://doi.org/10.1109/iros60139.2025.11246629,,,,False,unknown,False,,0
https://openalex.org/W4416875178,Tailored Quantum Device Calibration with Statistical Model Checking,2025,https://doi.org/10.1109/qce65121.2025.00052,,,,False,unknown,False,,0
https://openalex.org/W4416905788,Logic-based Resilience Computation of Power Systems Against Frequency Requirements,2025,https://doi.org/10.48550/arxiv.2504.19756,2504.19756,https://export.arxiv.org/e-print/2504.19756,arXiv (Cornell University),True,unknown,False,https://arxiv.org/pdf/2504.19756,0
https://openalex.org/W4416972509,MAPS 2 : Multi-robot autonomous motion planning under signal temporal logic specifications,2025,https://doi.org/10.1177/02783649251393343,2309.05632,https://export.arxiv.org/e-print/2309.05632,The International Journal of Robotics Research,True,cc-by,True,https://doi.org/10.1177/02783649251393343,0
https://openalex.org/W4417322400,Empirical evaluation of simulation-based fuzz testing for autonomous driving systems,2025,https://doi.org/10.1007/s10664-025-10787-y,,,Empirical Software Engineering,False,unknown,False,,0
https://openalex.org/W4417438539,Nash Q-Learning With Inferring Causal Signal Temporal Logic: A Study of Competitive Multi-Agent Systems,2025,https://doi.org/10.1109/lcsys.2025.3645286,,,IEEE Control Systems Letters,False,unknown,False,,0
https://openalex.org/W629236042,Monitoring Bounded LTL Properties Using Interval Analysis,2015,https://doi.org/10.48550/arxiv.1506.01762,,,arXiv (Cornell University),True,unknown,False,https://doi.org/10.48550/arxiv.1506.01762,0
https://openalex.org/W7104503725,ILCL: Inverse Logic-Constraint Learning From Temporally Constrained Demonstrations,2025,https://doi.org/10.1109/lra.2025.3630896,,,IEEE Robotics and Automation Letters,False,unknown,False,,0
https://openalex.org/W7104635623,Quantitative Verification for Temporal Properties of Massive Linear Systems,2025,https://doi.org/10.1007/978-981-95-4213-0_17,,,Lecture notes in computer science,False,unknown,False,,0
https://openalex.org/W7115933573,Risk Mitigation for Interval Signal Temporal Logic Monitoring and Synthesis,2025,https://doi.org/10.1109/lcsys.2025.3645827,,,IEEE Control Systems Letters,False,unknown,False,,0
https://openalex.org/W7123336764,Collaborative Design of Fault Diagnosis and Fault Tolerance Control Under Nested Signal Temporal Logic Specifications,2026,https://doi.org/10.1109/tase.2026.3652560,,,IEEE Transactions on Automation Science and Engineering,False,unknown,False,,0
https://openalex.org/W7123343122,Integral Concurrent Learning Control Barrier Functions for Signal Temporal Logic Tasks under Unknown Dynamics,2025,https://doi.org/10.1109/cdc57313.2025.11312836,,,,False,unknown,False,,0
https://openalex.org/W7123348934,STL-based Optimization of Biomolecular Neural Networks for Regression and Control,2025,https://doi.org/10.1109/cdc57313.2025.11312596,,,,False,unknown,False,,0
https://openalex.org/W7123354606,On the Challenges of Monitoring Robust Systems,2025,https://doi.org/10.1109/dsa66321.2025.00031,,,,False,unknown,False,,0
https://openalex.org/W7123361816,Uncertainty Removal in Verification of Nonlinear Systems against Signal Temporal Logic via Incremental Reachability Analysis,2025,https://doi.org/10.1109/cdc57313.2025.11312035,,,,False,unknown,False,,0
https://openalex.org/W7124465262,Safety Analysis of Over-the-Air Updates for CPS: A Contract-Driven Approach,2026,https://doi.org/10.1109/tse.2026.3654819,,,IEEE Transactions on Software Engineering,True,cc-by,True,https://doi.org/10.1109/tse.2026.3654819,0
https://openalex.org/W7125942580,Human-In-The-Loop Oracle Learning for Simulation-Based Testing,2025,https://doi.org/10.1109/ase63991.2025.00341,,,,False,unknown,False,,0
https://openalex.org/W7129450840,DSVA: An Iterative Refinement Multi-Agent Framework for NL-to-MTL Translation,2026,https://doi.org/10.1109/access.2026.3665806,,,IEEE Access,True,cc-by,True,https://doi.org/10.1109/access.2026.3665806,0
https://openalex.org/W7131128464,Adaptive and Resilient Consensus for UAV-UGV Teams via Virtual Agent Mediation and Topology Switching,2025,https://doi.org/10.1109/robio66223.2025.11376277,,,,False,unknown,False,,0
https://openalex.org/W7136947786,Integrating Signal Temporal Logic into Zonotopic Predictive Control for Autonomous Vehicles,2025,https://doi.org/10.1109/itsc60802.2025.11423792,,,,False,unknown,False,,0
https://openalex.org/W7139049241,Data-Driven Predictive Control With Functional Safety Guarantees for Autonomous Vehicles,2026,https://doi.org/10.1109/tits.2026.3673196,,,IEEE Transactions on Intelligent Transportation Systems,False,unknown,False,,0
https://openalex.org/W7143375247,Safety control of nonlinear systems driven by signal temporal logic semantics,2026,https://doi.org/10.1360/ssi-2025-0459,,,Scientia Sinica Informationis,False,unknown,False,,0
https://openalex.org/W7147499116,Enforcing spatio-temporal collaborations in distributed predictive control under temporally relaxed STL specifications,2026,https://doi.org/10.1007/s11768-026-00319-4,,,Control Theory and Technology,False,unknown,False,,0
https://openalex.org/W7148653015,ParTraP : A Language for the Specification and Runtime Verification of Parametric Properties,2019,https://doi.org/10.70675/1b952522z6ad6z4f86z80b5zfd18918353bf,,,,False,unknown,False,,0
https://openalex.org/W7151278857,Parametric timed formalisms for specification and monitoring,2023,https://doi.org/10.70675/85bd37bfz7ed7z4f48zadbcze7f5d13191f3,,,,False,unknown,False,,0
https://openalex.org/W7151610237,On the mechanized verification of the meta-theory of contracts and its instantiation to differential dynamic logic,2023,https://doi.org/10.70675/3a84621dzd135z4c3dz949az517fa8929160,,,,False,unknown,False,,0
https://openalex.org/W7152065554,Learning and Verifying Temporal Specifications for Cyber-Physical Systems,2023,https://doi.org/10.70675/a33b6c22zf5aez4669z8a23zc969be1659ef,,,,False,unknown,False,,0
https://openalex.org/W7152984825,RATEN: an efficient robustness analysis and test enhancement framework for state machines,2026,https://doi.org/10.1007/s10270-026-01371-z,,,Software & Systems Modeling,False,unknown,False,,0
https://openalex.org/W7154453038,An Explainable Approach to Process-Oriented Attacks in Industrial Control Systems Using SHAP and LIME,2025,https://doi.org/10.1109/intellisecai66368.2025.11473185,,,,True,cc-by,True,https://hal.science/hal-05424046,0
https://openalex.org/W7155362246,Automated Test Validators for Flaky Cyber-Physical System Simulators: Approach and Evaluation,2026,https://doi.org/10.1109/tse.2026.3685556,,,IEEE Transactions on Software Engineering,False,unknown,False,,0
https://openalex.org/W7159868072,A Task Decomposition Approach for Signal Temporal Logic Control,2025,https://doi.org/10.1109/cac67268.2025.11487185,,,,False,unknown,False,,0
https://openalex.org/W7160164044,Automatic Generation of Hardware and Software Monitors for Real-Time Embedded Systems,2026,https://doi.org/10.1007/978-3-032-19050-5_18,,,Communications in computer and information science,False,unknown,False,,0
https://openalex.org/W7160391686,Matrix STL: Concise Temporal Logic Rule for Complex Task Allocation,2026,https://doi.org/10.1007/978-981-95-6366-1_13,,,Lecture notes in electrical engineering,False,unknown,False,,0
https://openalex.org/W7160755317,Precision in the Presence of Uncertainty: SMT-Based Runtime Validation of CPS,2026,https://doi.org/10.1007/978-3-032-16855-9_22,,,Lecture notes in computer science,False,unknown,False,,0
https://openalex.org/W7160764363,Higher-Dimensional Timed Automata for Real-Time Concurrency,2026,https://doi.org/10.1007/978-3-032-16855-9_4,,,Lecture notes in computer science,False,unknown,False,,0
https://openalex.org/W7161476677,A General Framework for Robust Quantitative Semantics of Signal Temporal Logic,2026,https://doi.org/10.1007/978-3-032-26220-2_10,,,Lecture notes in computer science,True,cc-by,True,https://link.springer.com/content/pdf/10.1007/978-3-032-26220-2_10.pdf,0
https://openalex.org/W7161476781,Quantitative Monitoring of Signal First-Order Logic,2026,https://doi.org/10.1007/978-3-032-26220-2_11,,,Lecture notes in computer science,True,cc-by,True,https://link.springer.com/content/pdf/10.1007/978-3-032-26220-2_11.pdf,0
https://openalex.org/W7161478338,ConFixer: Robustness Semantics Based Configuration Bug Fixing for Automated Driving Systems,2026,https://doi.org/10.1007/978-3-032-26220-2_28,,,Lecture notes in computer science,True,cc-by,True,https://link.springer.com/content/pdf/10.1007/978-3-032-26220-2_28.pdf,0
https://openalex.org/W7161485318,STLts-Div: Diversified Trace Synthesis from STL Specifications Using MILP,2026,https://doi.org/10.1007/978-3-032-26204-2_1,,,Lecture notes in computer science,True,cc-by,True,https://link.springer.com/content/pdf/10.1007/978-3-032-26204-2_1.pdf,0
https://openalex.org/W7161542954,AutoLegal: Toward Universal Traffic Compliance for Autonomous Vehicles Through Knowledge-Enhanced Language Models and Signal Temporal Logic,2026,https://doi.org/10.1109/tits.2026.3688663,,,IEEE Transactions on Intelligent Transportation Systems,False,unknown,False,,0
https://openalex.org/W7163033675,Temporal logic guided coverage control and path planning for unmanned aerial–ground vehicle systems,2026,https://doi.org/10.1016/j.nahs.2026.101747,,,Nonlinear Analysis Hybrid Systems,False,unknown,False,,0
https://openalex.org/W7163054971,LogicFlow: Amortizing Signal Temporal Logic Into Continuous Vector Fields for Safe Driving,2026,https://doi.org/10.1109/lra.2026.3699253,,,IEEE Robotics and Automation Letters,False,unknown,False,,0
https://openalex.org/W7163181070,Temporal Formation Control for Multi-Agent Systems Based on Reachable Sets,2026,https://doi.org/10.1109/jas.2025.125960,,,IEEE/CAA Journal of Automatica Sinica,False,unknown,False,,0
https://openalex.org/W7163219272,A Stackelberg game approach for signal temporal logic motion planning with uncontrollable agents,2026,https://doi.org/10.1016/j.nahs.2026.101757,,,Nonlinear Analysis Hybrid Systems,False,unknown,False,,0
https://openalex.org/W7164308258,Sensor Tolerance Contracts for Safety Assurance in Cyber-Physical Systems,2026,https://doi.org/10.1007/978-3-032-28079-4_7,,,Lecture notes in computer science,False,unknown,False,,0
https://openalex.org/W7164329983,Online-Tuning Control Barrier Function Approach for Signal Temporal Logic Tasks and Prior-Unknown Obstacle Avoidance,2026,https://doi.org/10.1109/tcst.2026.3698106,,,IEEE Transactions on Control Systems Technology,False,unknown,False,,0
https://openalex.org/W7164387302,Formal Runtime Verification of Avionics Systems Using Level-D Flight Simulator Data and NASA/JPL’s F Prime,2026,https://doi.org/10.1007/978-3-032-28079-4_26,,,Lecture notes in computer science,False,unknown,False,,0
https://openalex.org/W7164763254,Task and motion planning of dynamic systems using hyperproperties for signal temporal logic,2026,https://doi.org/10.1016/j.nahs.2026.101745,,,Nonlinear Analysis Hybrid Systems,False,unknown,False,,0
https://openalex.org/W7165359245,Examining Feasibility of STL for Enforcing Safe Building Control,2026,https://doi.org/10.1145/3765611.3815354,,,,True,cc-by,True,https://doi.org/10.1145/3765611.3815354,0
https://openalex.org/W7165777475,Signal Temporal Logic Control for a Class of Underactuated Mechanical Systems,2026,https://doi.org/10.1109/ccdc69976.2026.11560027,,,,False,unknown,False,,0
https://openalex.org/W7166658632,Automated Repair of Requirements for Cyber-Physical Systems in Simulink Requirements Tables,2026,https://doi.org/10.1145/3808208,,,Proceedings of the ACM on software engineering.,True,cc-by,True,https://doi.org/10.1145/3808208,0
https://openalex.org/W7166769926,An Algebraic Framework for Quantitative Semantics of Spatio-Temporal Logic with Graph Operators,2026,https://doi.org/10.1007/978-3-032-35298-9_13,2606.28429,https://export.arxiv.org/e-print/2606.28429,Lecture notes in computer science,True,cc-by,True,https://arxiv.org/pdf/2606.28429,0
https://openalex.org/W7166836249,"Syntax Is Easy, Semantics Is Hard: Evaluating LLMs for LTL Translation",2026,https://doi.org/10.1145/3805773.3806005,,,,True,cc-by-nc-nd,False,https://doi.org/10.1145/3805773.3806005,0
https://openalex.org/W7167501472,STL-UniTraj: An STL Approach Enhancing Trustworthiness for Deep Learning-Based Autonomous Driving Trajectory Prediction,2026,https://doi.org/10.1109/cscwd68734.2026.11582015,,,,False,unknown,False,,0
https://openalex.org/W7167644971,Distributed Hierarchical Control for Collaborative Signal Temporal Logic Tasks via Reconstructed Control Barrier Functions,2026,https://doi.org/10.1109/tase.2026.3710729,,,IEEE Transactions on Automation Science and Engineering,False,unknown,False,,0
https://openalex.org/W7167935457,VeriROS: Verifiable ROS2 Navigation Execution Framework,2026,https://doi.org/10.1145/3793656.3793685,,,,True,cc-by,True,https://doi.org/10.1145/3793656.3793685,0
https://openalex.org/W7168236279,From Language to Logic: A Theoretical Architecture for VLM-Grounded Safe Navigation,2026,https://doi.org/10.1109/icuas69441.2026.11598671,,,,False,unknown,False,,0
https://openalex.org/W7169180498,Continuous Requirement Conformance Falsification for Cyber-Physical Systems via Cross-Revision Knowledge Transfer,2026,https://doi.org/10.1109/icst69053.2026.00083,,,,False,unknown,False,,0
https://openalex.org/W7169674022,SoK: Telemetry-Aware Runtime Assurance for Always-On On-device Intrusion Detection,2026,https://doi.org/10.1007/978-981-92-3018-1_7,,,Lecture notes in computer science,False,unknown,False,,0
https://openalex.org/W7169771223,Reasoning About Hidden Hybrid Assumptions in Assured Temporal Missions,2026,https://doi.org/10.1145/3788550.3794878,,,,True,cc-by,True,https://doi.org/10.1145/3788550.3794878,0
https://openalex.org/W7169871448,A Context-Aware Trust Management and Calibration Framework for Cyber-Physical Systems,2026,https://doi.org/10.1109/isorc70347.2026.11605787,,,,False,unknown,False,,0
https://openalex.org/W7170151472,Spatiotemporal Robustness of Temporal Logic Tasks Using Multi-Objective Reasoning,2026,https://doi.org/10.1007/978-3-032-32537-2_21,,,Lecture notes in computer science,True,cc-by,True,https://link.springer.com/content/pdf/10.1007/978-3-032-32537-2_21.pdf,0
https://openalex.org/W7171397623,"Evaluation, optimization, verification of traffic rules for automated vehicles in freeway lane-changing scenario",2026,https://doi.org/10.1016/j.aap.2026.108697,,,Accident Analysis & Prevention,False,unknown,False,,0
https://openalex.org/W7171443534,Min–Max Regret Task Allocation and Planning of Heterogeneous Multi-Robot System in Partially Known Environments,2026,https://doi.org/10.1109/tase.2026.3717449,,,IEEE Transactions on Automation Science and Engineering,False,unknown,False,,0
https://openalex.org/W7171817014,ScenicRules: An Autonomous Driving Benchmark with Multi-Objective Specifications and Abstract Scenarios,2026,https://doi.org/10.1109/iv66570.2026.11623942,,,,False,unknown,False,,0
https://openalex.org/W7172378927,Real-time Path Planning for Multi-agent Systems Based on Signal Temporal Logic in Dynamic Environments,2026,https://doi.org/10.1109/yac71005.2026.11616127,,,,False,unknown,False,,0
https://openalex.org/W7172404204,Reachability Specification Adaptation for Continuous Dynamical Systems,2026,https://doi.org/10.1007/978-3-032-25552-5_4,,,Lecture notes in computer science,False,unknown,False,,0
https://openalex.org/W7203831209,LTL in the Wild: A Decade of Specifying Edge/IoT System Behaviors,2026,https://doi.org/10.1109/compsac69091.2026.00178,,,,False,unknown,False,,0
https://openalex.org/W7204116493,A Rocq Prover STL Formalization with Transformations for Mission Planning,2026,https://doi.org/10.1007/s10817-026-09763-y,,,Journal of Automated Reasoning,False,unknown,False,,0
https://openalex.org/W7204182399,From System Specifications to Adaptive Conformance Testing of a Waste Heat Recovery Simulation Model: An Industrial Case Study,2026,https://doi.org/10.1007/978-3-032-36590-3_3,,,Lecture notes in computer science,False,unknown,False,,0
https://openalex.org/W7204639778,$$\textsc {MightyPPL} {}$$: Towards Model Checking MTL,2026,https://doi.org/10.1007/978-3-032-35298-9_12,,,Lecture notes in computer science,False,unknown,False,,0
https://openalex.org/W7204766584,Natural Language-Guided Signal Temporal Logic Path Planning via RRT*,2026,https://doi.org/10.1007/978-981-92-4392-1_27,,,Lecture notes in electrical engineering,False,unknown,False,,0
https://openalex.org/W7211871185,Workload-Aware Alarm Event Generation and LLM-Assisted Contract Auditing for Industrial Control Systems,2026,https://doi.org/10.1109/eit68936.2026.11670408,,,,False,unknown,False,,0
https://openalex.org/W7211892647,JPSTL: Joint Probabilistic Signal Temporal Logic for Predictive Composition Monitoring,2026,https://doi.org/10.1109/icws72778.2026.00105,,,,False,unknown,False,,0
https://openalex.org/W7212239644,OntoSTL: Canonical Knowledge Graph Representation of Signal Temporal Logic Requirements,2026,https://doi.org/10.1145/3822455.3830310,,,,True,cc-by,True,https://doi.org/10.1145/3822455.3830310,0
https://openalex.org/W7213879563,"Hierarchical Temporal Runtime Assurance for Controlled Agentic AI Systems: Safety Shielding, Auditable Action Repair, and Bounded Recovery",2026,https://doi.org/10.3390/make8090293,,,Machine Learning and Knowledge Extraction,True,cc-by,True,https://doi.org/10.3390/make8090293,0
https://openalex.org/W7213978958,Transformer-Based Generation of Route Opening Patterns for Crowd Evacuation,2026,https://doi.org/10.3390/fi18090486,,,Future Internet,True,cc-by,True,https://doi.org/10.3390/fi18090486,0
https://openalex.org/W7215075106,On the Role of Large Language Models in Robustness-Guided Requirement Falsification,2026,https://doi.org/10.1145/3832139,,,Proceedings of the ACM on software engineering.,True,cc-by,True,https://doi.org/10.1145/3832139,0
https://openalex.org/W7215098902,SiRL: Signal-Level Reinforcement Learning for Falsifying Cyber-Physical Systems,2026,https://doi.org/10.1145/3837729.3839588,,,,True,cc-by,True,https://doi.org/10.1145/3837729.3839588,0
